-- phpMyAdmin SQL Dump
-- version 3.4.4
-- http://www.phpmyadmin.net
--
-- 主机: localhost
-- 生成日期: 2015 年 08 月 05 日 16:01
-- 服务器版本: 5.1.72
-- PHP 版本: 5.4.24

SET SQL_MODE="NO_AUTO_VALUE_ON_ZERO";
SET time_zone = "+00:00";


/*!40101 SET @OLD_CHARACTER_SET_CLIENT=@@CHARACTER_SET_CLIENT */;
/*!40101 SET @OLD_CHARACTER_SET_RESULTS=@@CHARACTER_SET_RESULTS */;
/*!40101 SET @OLD_COLLATION_CONNECTION=@@COLLATION_CONNECTION */;
/*!40101 SET NAMES utf8 */;

--
-- 数据库: `ch_voliving1`
--

-- --------------------------------------------------------

--
-- 表的结构 `hcseo_admin`
--

CREATE TABLE IF NOT EXISTS `hcseo_admin` (
  `id` int(11) NOT NULL AUTO_INCREMENT,
  `username` varchar(50) NOT NULL COMMENT '用户名',
  `password` varchar(50) NOT NULL COMMENT '密码',
  `regtime` int(11) NOT NULL COMMENT '注册时间',
  `lastlogintime` int(11) NOT NULL COMMENT '最后登录时间',
  `logintimes` int(11) NOT NULL DEFAULT '0' COMMENT '登录次数',
  `ischecked` tinyint(1) NOT NULL DEFAULT '1' COMMENT '是否锁定',
  `nickname` varchar(50) NOT NULL,
  `adminstr` text,
  `lastloginip` varchar(25) NOT NULL,
  `admintype` int(3) DEFAULT NULL,
  PRIMARY KEY (`id`)
) ENGINE=MyISAM  DEFAULT CHARSET=utf8 AUTO_INCREMENT=14 ;

--
-- 转存表中的数据 `hcseo_admin`
--

INSERT INTO `hcseo_admin` (`id`, `username`, `password`, `regtime`, `lastlogintime`, `logintimes`, `ischecked`, `nickname`, `adminstr`, `lastloginip`, `admintype`) VALUES
(1, 'administrator', '0192023a7bbd73250516f069df18b500', 1230768000, 1438760160, 684, 1, '系统总管理员', '1,332,333,465,334,447,339,340,341,429,430,431,432,453,454,455,456,331,343,425,426,427,428,449,450,403,404,496,497,498,499,492,495,494,493,401,402,487,491,490,489,504,506,505,507,500,501,502,503', '113.111.123.220', 10),
(13, 'voliving', '0192023a7bbd73250516f069df18b500', 1388394950, 1429128170, 25, 1, '普通管理员', '1,332,333,334,447,466,467,468,469,470,471,472,473,474,475,476,477,478,479,480,461,462,463,425,426,427,449,450', '24.244.29.108', 1);

-- --------------------------------------------------------

--
-- 表的结构 `hcseo_banner`
--

CREATE TABLE IF NOT EXISTS `hcseo_banner` (
  `id` int(11) NOT NULL AUTO_INCREMENT,
  `ischecked` tinyint(1) NOT NULL DEFAULT '1',
  `isgood` tinyint(1) NOT NULL DEFAULT '0',
  `cid` int(8) NOT NULL DEFAULT '0',
  `postdate` varchar(18) COLLATE utf8_unicode_ci NOT NULL,
  `editdate` varchar(18) COLLATE utf8_unicode_ci NOT NULL,
  `hits` int(8) NOT NULL DEFAULT '0',
  `lang` varchar(18) COLLATE utf8_unicode_ci DEFAULT NULL,
  `displayorder` int(8) NOT NULL DEFAULT '0',
  `name` varchar(255) COLLATE utf8_unicode_ci DEFAULT NULL,
  `logo` varchar(255) COLLATE utf8_unicode_ci DEFAULT NULL,
  `url` varchar(255) COLLATE utf8_unicode_ci DEFAULT NULL,
  `description` text COLLATE utf8_unicode_ci,
  PRIMARY KEY (`id`),
  UNIQUE KEY `id` (`id`)
) ENGINE=MyISAM  DEFAULT CHARSET=utf8 COLLATE=utf8_unicode_ci AUTO_INCREMENT=82 ;

--
-- 转存表中的数据 `hcseo_banner`
--

INSERT INTO `hcseo_banner` (`id`, `ischecked`, `isgood`, `cid`, `postdate`, `editdate`, `hits`, `lang`, `displayorder`, `name`, `logo`, `url`, `description`) VALUES
(78, 1, 0, 199, '', '', 0, 'en', 0, 'indexmain', '__ROOT__/Public/en/images/法国凯莉娅V2_34.jpg', '__ROOT__/Public/en/images/法国凯莉娅V2_34.jpg', NULL),
(77, 1, 0, 199, '', '', 0, 'en', 0, 'indexmain', '__ROOT__/Public/en/images/show.jpg', '__ROOT__/Public/en/images/show.jpg', NULL),
(79, 1, 0, 199, '', '', 0, 'en', 0, 'indexmain', '__ROOT__/Public/en/images/法国凯莉娅V2_32.jpg', '__ROOT__/Public/en/images/法国凯莉娅V2_32.jpg', NULL),
(80, 1, 0, 199, '', '', 0, 'en', 0, 'indexmain', '__ROOT__/Public/en/images/法国凯莉娅V2_30.jpg', '__ROOT__/Public/en/images/法国凯莉娅V2_30.jpg', NULL),
(81, 1, 0, 199, '', '', 0, 'en', 0, 'indexmain', '/Public/en/images/法国凯莉娅V2_22.jpg', '/Public/en/images/法国凯莉娅V2_22.jpg', NULL);

-- --------------------------------------------------------

--
-- 表的结构 `hcseo_category`
--

CREATE TABLE IF NOT EXISTS `hcseo_category` (
  `id` int(11) NOT NULL AUTO_INCREMENT,
  `tb` varchar(80) COLLATE utf8_unicode_ci NOT NULL,
  `ischecked` tinyint(1) NOT NULL DEFAULT '1',
  `cid` int(8) NOT NULL,
  `doAction` varchar(80) COLLATE utf8_unicode_ci NOT NULL,
  `mid` int(8) NOT NULL,
  `name` varchar(150) COLLATE utf8_unicode_ci NOT NULL,
  `subname` varchar(150) COLLATE utf8_unicode_ci DEFAULT NULL,
  `attachment` varchar(150) COLLATE utf8_unicode_ci DEFAULT NULL,
  `content` text COLLATE utf8_unicode_ci,
  `displayorder` int(8) NOT NULL DEFAULT '0',
  `postdate` int(8) NOT NULL,
  `editdate` int(8) NOT NULL,
  `lang` varchar(8) COLLATE utf8_unicode_ci NOT NULL,
  `pic_loc` varchar(80) COLLATE utf8_unicode_ci NOT NULL DEFAULT 'left',
  PRIMARY KEY (`id`)
) ENGINE=MyISAM  DEFAULT CHARSET=utf8 COLLATE=utf8_unicode_ci AUTO_INCREMENT=204 ;

--
-- 转存表中的数据 `hcseo_category`
--

INSERT INTO `hcseo_category` (`id`, `tb`, `ischecked`, `cid`, `doAction`, `mid`, `name`, `subname`, `attachment`, `content`, `displayorder`, `postdate`, `editdate`, `lang`, `pic_loc`) VALUES
(195, 'top', 1, 0, '', 32, 'top_picture', '', NULL, '\r\n', 0, 1425017687, 1425355786, 'en', 'left'),
(196, 'end', 1, 0, '', 35, 'end_picture', '', NULL, '\r\n', 0, 1425017687, 1425355786, 'en', 'left'),
(198, 'banner', 1, 0, '', 13, 'index_head', '1,2,3,4,5,6', NULL, '\r\n', 0, 1425017687, 1425355786, 'en', 'left'),
(199, 'banner', 1, 0, '', 13, 'index_main', '', NULL, '\r\n', 0, 1425017687, 1425355786, 'en', 'left'),
(201, 'News', 1, 0, '', 37, 'news', '15', NULL, '<p>\r\n	Sophia kah品牌主营高级女装，品牌由Ana Teixeira de Sousa创立于2010年。Sophia kah的动人创意设计精心，旨在构建一个外观完整的整体风格，打造别致的现代女人形象，可以肯定的是，精致的风格将使她长保惊艳别致。</p>\r\n', 0, 1425017687, 1438587197, 'en', 'left'),
(200, 'vidio', 1, 0, '', 36, 'vidio', '9,10,11,12,13,14', NULL, '\r\n', 0, 1425017687, 1425355786, 'en', 'left'),
(202, 'product', 1, 0, '', 38, 'product', '', NULL, '\r\n', 0, 1425017687, 1425355786, 'en', 'left');

-- --------------------------------------------------------

--
-- 表的结构 `hcseo_end`
--

CREATE TABLE IF NOT EXISTS `hcseo_end` (
  `id` int(11) NOT NULL AUTO_INCREMENT,
  `ischecked` tinyint(1) NOT NULL DEFAULT '1',
  `isgood` tinyint(1) NOT NULL DEFAULT '0',
  `cid` int(8) NOT NULL DEFAULT '0',
  `postdate` varchar(18) COLLATE utf8_unicode_ci NOT NULL,
  `editdate` varchar(18) COLLATE utf8_unicode_ci NOT NULL,
  `hits` int(8) NOT NULL DEFAULT '0',
  `lang` varchar(18) COLLATE utf8_unicode_ci DEFAULT NULL,
  `displayorder` int(8) NOT NULL DEFAULT '0',
  `name` varchar(255) COLLATE utf8_unicode_ci DEFAULT NULL,
  `attachment` varchar(255) COLLATE utf8_unicode_ci DEFAULT NULL,
  `number` varchar(255) COLLATE utf8_unicode_ci DEFAULT NULL,
  PRIMARY KEY (`id`),
  UNIQUE KEY `id` (`id`)
) ENGINE=MyISAM  DEFAULT CHARSET=utf8 COLLATE=utf8_unicode_ci AUTO_INCREMENT=34 ;

--
-- 转存表中的数据 `hcseo_end`
--

INSERT INTO `hcseo_end` (`id`, `ischecked`, `isgood`, `cid`, `postdate`, `editdate`, `hits`, `lang`, `displayorder`, `name`, `attachment`, `number`) VALUES
(32, 1, 0, 196, '', '', 0, 'en', 0, 'endpicture_05', '__ROOT__/Public/en/images/neiyepic5.png', NULL),
(30, 1, 0, 196, '', '', 0, 'en', 0, 'endpicture_03', '__ROOT__/Public/en/images/neiyepic3.png', NULL),
(31, 1, 0, 196, '', '', 0, 'en', 0, 'endpicture_04', '__ROOT__/Public/en/images/neiyepic4.png', NULL),
(1, 1, 0, 196, '', '', 0, 'en', 0, 'endpicture_01', '__ROOT__/Public/en/images/neiyepic1.png', NULL),
(2, 1, 0, 196, '', '', 0, 'en', 0, 'endpicture_02', '__ROOT__/Public/en/images/neiyepic2.png', NULL);

-- --------------------------------------------------------

--
-- 表的结构 `hcseo_feedback`
--

CREATE TABLE IF NOT EXISTS `hcseo_feedback` (
  `id` int(11) NOT NULL AUTO_INCREMENT,
  `ischecked` tinyint(1) NOT NULL DEFAULT '1',
  `isgood` tinyint(1) NOT NULL DEFAULT '0',
  `cid` int(8) NOT NULL DEFAULT '0',
  `postdate` varchar(18) COLLATE utf8_unicode_ci NOT NULL,
  `editdate` varchar(18) COLLATE utf8_unicode_ci NOT NULL,
  `hits` int(8) NOT NULL DEFAULT '0',
  `lang` varchar(18) COLLATE utf8_unicode_ci DEFAULT NULL,
  `displayorder` int(8) NOT NULL DEFAULT '0',
  `FirstName` varchar(255) COLLATE utf8_unicode_ci DEFAULT NULL,
  `email` varchar(255) COLLATE utf8_unicode_ci DEFAULT NULL,
  `Comment` text COLLATE utf8_unicode_ci,
  `Telephone` varchar(255) COLLATE utf8_unicode_ci DEFAULT NULL,
  `LastName` varchar(255) COLLATE utf8_unicode_ci DEFAULT NULL,
  `Space` varchar(255) COLLATE utf8_unicode_ci DEFAULT NULL,
  `Budget` varchar(255) COLLATE utf8_unicode_ci DEFAULT NULL,
  `Postal` varchar(255) COLLATE utf8_unicode_ci DEFAULT NULL,
  `attachment` varchar(255) COLLATE utf8_unicode_ci DEFAULT NULL,
  PRIMARY KEY (`id`),
  UNIQUE KEY `id` (`id`)
) ENGINE=MyISAM  DEFAULT CHARSET=utf8 COLLATE=utf8_unicode_ci AUTO_INCREMENT=55 ;

--
-- 转存表中的数据 `hcseo_feedback`
--

INSERT INTO `hcseo_feedback` (`id`, `ischecked`, `isgood`, `cid`, `postdate`, `editdate`, `hits`, `lang`, `displayorder`, `FirstName`, `email`, `Comment`, `Telephone`, `LastName`, `Space`, `Budget`, `Postal`, `attachment`) VALUES
(29, 1, 1, 82, '1421212349', '1421212349', 0, NULL, 0, 'alex', 'alex@qq.com', 'alexalexalexalex', 'alex', 'alex', 'alex', 'alex', 'Bathroom,Mantel,Countertops', NULL),
(54, 1, 1, 82, '1421215394', '1421215394', 0, NULL, 0, 'little', 'little@qq.com', 'littlelittlelittlelittle', 'little', 'little', 'little', 'little', 'Tiles,Countertops', '/Attachments/upload/20150114/e211a5ac90a32394e8746c1007458779.jpg');

-- --------------------------------------------------------

--
-- 表的结构 `hcseo_field`
--

CREATE TABLE IF NOT EXISTS `hcseo_field` (
  `id` int(11) NOT NULL AUTO_INCREMENT,
  `mid` int(8) NOT NULL,
  `groupID` int(11) NOT NULL DEFAULT '0',
  `name` varchar(200) COLLATE utf8_unicode_ci NOT NULL,
  `fieldName` varchar(200) COLLATE utf8_unicode_ci NOT NULL,
  `fieldType` varchar(200) COLLATE utf8_unicode_ci NOT NULL,
  `formType` varchar(20) COLLATE utf8_unicode_ci NOT NULL,
  `fieldValue` text COLLATE utf8_unicode_ci NOT NULL,
  `fieldSelect` text COLLATE utf8_unicode_ci NOT NULL,
  `jscript` text COLLATE utf8_unicode_ci NOT NULL,
  `len` int(255) NOT NULL,
  `issys` tinyint(1) NOT NULL DEFAULT '0',
  `sort` int(11) NOT NULL DEFAULT '1',
  `iswrite` varchar(1) COLLATE utf8_unicode_ci NOT NULL DEFAULT '0',
  `islist` tinyint(1) NOT NULL DEFAULT '0',
  `isout` tinyint(1) NOT NULL DEFAULT '0',
  `issearch` tinyint(1) NOT NULL DEFAULT '0',
  `isview` tinyint(1) NOT NULL DEFAULT '0',
  `topic` varchar(255) COLLATE utf8_unicode_ci NOT NULL,
  `erro` varchar(255) COLLATE utf8_unicode_ci NOT NULL,
  `lang` varchar(10) COLLATE utf8_unicode_ci NOT NULL DEFAULT '1',
  `postdate` varchar(18) COLLATE utf8_unicode_ci NOT NULL,
  `editdate` varchar(18) COLLATE utf8_unicode_ci NOT NULL,
  PRIMARY KEY (`id`)
) ENGINE=MyISAM  DEFAULT CHARSET=utf8 COLLATE=utf8_unicode_ci COMMENT='信息字段' AUTO_INCREMENT=413 ;

--
-- 转存表中的数据 `hcseo_field`
--

INSERT INTO `hcseo_field` (`id`, `mid`, `groupID`, `name`, `fieldName`, `fieldType`, `formType`, `fieldValue`, `fieldSelect`, `jscript`, `len`, `issys`, `sort`, `iswrite`, `islist`, `isout`, `issearch`, `isview`, `topic`, `erro`, `lang`, `postdate`, `editdate`) VALUES
(227, 30, 47, 'Picture', 'attachment', 'VARCHAR', 'file', '', '', '', 255, 0, 0, '0', 1, 0, 0, 0, 'Size:300px*200px', '', '1', '1425352180', '1425352180'),
(116, 1, 3, 'Contact', 'contactus', 'TEXT', 'editor', '', '', '', 255, 0, 19, '1', 0, 0, 0, 0, '', '', '1', '1394431717', '1394431717'),
(180, 24, 43, 'small picture', 'image_1', 'VARCHAR', 'file', '', '', '', 255, 0, 4, '1', 1, 0, 0, 0, 'Size:194px*301px', '', '1', '1419387460', '1419387460'),
(8, 1, 3, '上传图片允许大小', 'attachsize', 'VARCHAR', 'text', '', '', '', 255, 0, 0, '0', 0, 0, 0, 0, '单位：byte.(1M = 1024 * 1024 * 1 = 1048576)', '', '1', '1386300971', '1386300971'),
(9, 1, 3, '允许上传类型', 'attachext', 'VARCHAR', 'text', 'jpg,gif,png', '', '', 255, 0, 0, '0', 0, 0, 0, 0, '提示：各类型间请用英文标准","号间开', '', '1', '1386061375', '1386061375'),
(10, 1, 3, '开启水印功能', 'iswater', 'VARCHAR', 'radio', '否', '是,否', '', 255, 0, 0, '0', 0, 0, 0, 0, '', '', '1', '1386061379', '1386061379'),
(11, 1, 3, '水印图片', 'maskimg', 'VARCHAR', 'file', '', '', '', 255, 0, 0, '0', 0, 0, 0, 0, '如果图片小于水印图片，将不能生成水印。水印图片最佳为png类型', '', '1', '1386061383', '1386061383'),
(12, 1, 3, '大文件允许大小', 'filesize', 'VARCHAR', 'text', '', '', '', 255, 0, 0, '0', 0, 0, 0, 0, '单位：byte.(1M = 1024 * 1024 * 1 = 1048576)', '', '1', '1386300978', '1386300978'),
(18, 1, 9, 'Discription', 'indexDiscription', 'VARCHAR', 'textarea', '', '', '', 255, 0, 0, '0', 0, 0, 0, 0, '', '', '1', '1386315393', ''),
(17, 1, 9, 'Keyword', 'indexKeyword', 'VARCHAR', 'text', '', '', '', 255, 0, 0, '0', 0, 0, 0, 0, '', '', '1', '1386315363', ''),
(16, 1, 9, 'Title', 'indexTitle', 'VARCHAR', 'text', '', '', '', 255, 0, 0, '0', 0, 0, 0, 0, '', '', '1', '1386315418', '1386315418'),
(139, 20, 37, 'types', 'types', 'INT', 'text', '', '', '', 255, 0, 0, '0', 0, 0, 0, 0, '', '', '1', '1392628125', ''),
(177, 24, 44, 'seo_discription', 'seo_discription', 'TEXT', 'textarea', '', '', '', 255, 0, 0, '0', 0, 0, 0, 0, '', '', '1', '1394075824', ''),
(176, 24, 44, 'seo_keyword', 'seo_keyword', 'VARCHAR', 'text', '', '', '', 255, 0, 0, '0', 0, 0, 0, 0, '', '', '1', '1394075814', ''),
(175, 24, 44, 'seo_title', 'seo_title', 'VARCHAR', 'text', '', '', '', 255, 0, 0, '0', 0, 0, 0, 0, '', '', '1', '1394075808', '1394075808'),
(102, 18, 31, '链接', 'content', 'VARCHAR', 'text', '', '', '', 255, 0, 0, '1', 0, 0, 0, 0, '', '', '1', '1388717218', ''),
(138, 20, 37, 'server', 'server', 'INT', 'text', '', '', '', 255, 0, 0, '0', 0, 0, 0, 0, '', '', '1', '1392628099', ''),
(136, 20, 37, 'amount', 'amount', 'INT', 'text', '', '', '', 255, 0, 0, '0', 0, 0, 0, 0, '', '', '1', '1392627928', ''),
(135, 20, 37, 'member_id', 'member_id', 'INT', 'text', '', '', '', 255, 0, 0, '0', 0, 0, 0, 0, '', '', '1', '1392627913', ''),
(134, 20, 37, 'order_name', 'order_name', 'TEXT', 'textarea', '', '', '', 255, 0, 0, '0', 1, 0, 0, 0, '', '', '1', '1392887264', '1392887264'),
(133, 20, 37, 'order_id', 'order_id', 'BIGINT', 'text', '', '', '', 255, 0, 0, '0', 0, 0, 0, 0, '', '', '1', '1392627847', ''),
(31, 7, 14, '标题', 'name', 'VARCHAR', 'text', '', '', '', 255, 0, 0, '1', 1, 0, 0, 0, '', '', '1', '1390976167', '1390976167'),
(86, 7, 14, '封面图', 'attachment', 'VARCHAR', 'file', '', '', '', 255, 0, 0, '1', 0, 0, 0, 0, '', '', '1', '1390976451', '1390976451'),
(85, 7, 18, '自定义描述', 'seo_discription', 'TEXT', 'textarea', '', '', '', 255, 0, 0, '0', 0, 0, 0, 0, '', '', '1', '1388460810', ''),
(42, 8, 15, '案例标题', 'name', 'VARCHAR', 'text', '', '', '', 255, 0, 0, '1', 1, 0, 0, 0, '', '', '1', '1387179064', '1387179064'),
(43, 8, 15, '案例内容', 'content', 'TEXT', 'editor', '', '', '', 255, 0, 0, '1', 0, 0, 0, 0, '', '', '1', '1387179228', '1387179228'),
(44, 9, 16, '案例标题', 'name', 'VARCHAR', 'text', '', '', '', 255, 0, 0, '1', 1, 0, 0, 0, '', '', '1', '1387180566', ''),
(45, 9, 16, '案例内容', 'content', 'TEXT', 'editor', '', '', '', 255, 0, 0, '1', 0, 0, 0, 0, '', '', '1', '1387180581', ''),
(46, 10, 17, '标题', 'name', 'VARCHAR', 'text', '', '', '', 255, 0, 0, '1', 1, 0, 0, 0, '', '', '1', '1388391797', '1388391797'),
(412, 37, 49, '内容', 'content', 'TEXT', 'editor', '', '', '', 255, 0, 0, '1', 0, 0, 0, 0, '', '', '1', '1392082095', '1392082095'),
(48, 7, 18, '自定义标题', 'seo_title', 'VARCHAR', 'text', '', '', '', 255, 0, 0, '0', 0, 0, 0, 0, '', '', '1', '1387271310', ''),
(49, 7, 18, '自定义关键字', 'seo_keyword', 'VARCHAR', 'text', '', '', '', 255, 0, 0, '0', 0, 0, 0, 0, '', '', '1', '1387271342', ''),
(87, 7, 14, '内容', 'content', 'TEXT', 'editor', '', '', '', 255, 0, 0, '0', 0, 0, 0, 0, '', '', '1', '1390976225', '1390976225'),
(51, 11, 19, '标题', 'name', 'VARCHAR', 'text', '', '', '', 255, 0, 0, '1', 0, 0, 0, 0, '', '', '1', '1387337497', ''),
(52, 11, 19, 'logo', 'logo', 'VARCHAR', 'file', '', '', '', 255, 0, 0, '1', 0, 0, 0, 0, '', '', '1', '1387337530', ''),
(53, 11, 19, '链接', 'url', 'VARCHAR', 'text', '', '', '', 255, 0, 0, '0', 0, 0, 0, 0, '', '', '1', '1387337575', ''),
(54, 11, 19, '内容', 'content', 'TEXT', 'editor', '', '', '', 255, 0, 0, '0', 0, 0, 0, 0, '', '', '1', '1387337600', ''),
(55, 12, 20, '标题', 'name', 'VARCHAR', 'text', '', '', '', 255, 0, 0, '1', 1, 0, 0, 0, '', '', '1', '1387339517', '1387339517'),
(56, 12, 20, 'logo', 'logo', 'VARCHAR', 'file', '', '', '', 255, 0, 0, '1', 0, 0, 0, 0, '', '', '1', '1387339534', ''),
(57, 12, 20, '链接', 'url', 'VARCHAR', 'text', '', '', '', 255, 0, 0, '0', 0, 0, 0, 0, '', '', '1', '1387339543', ''),
(58, 12, 20, '内容', 'content', 'TEXT', 'editor', '', '', '', 255, 0, 0, '0', 0, 0, 0, 0, '', '', '1', '1387339563', ''),
(59, 13, 21, 'Title', 'name', 'VARCHAR', 'text', '', '', '', 255, 0, 6, '1', 1, 0, 0, 0, '', '', '1', '1398413037', '1398413037'),
(60, 13, 21, 'image', 'logo', 'VARCHAR', 'file', '', '', '', 255, 0, 3, '1', 1, 0, 0, 0, '', '', '1', '1419320343', '1419320343'),
(61, 13, 21, 'link', 'url', 'VARCHAR', 'text', '', '', '', 255, 0, 2, '0', 0, 0, 0, 0, '', '', '1', '1394430572', '1394430572'),
(63, 14, 22, '标题', 'name', 'VARCHAR', 'text', '', '', '', 255, 0, 2, '1', 1, 0, 0, 0, '', '', '1', '1388384389', ''),
(64, 14, 22, '内容', 'content', 'TEXT', 'editor', '', '', '', 255, 0, 0, '0', 0, 0, 0, 0, '', '', '1', '1388384414', ''),
(68, 15, 24, '标题', 'name', 'VARCHAR', 'text', '', '', '', 255, 0, 5, '1', 1, 0, 0, 0, '', '', '1', '1390964684', '1390964684'),
(69, 15, 24, '内容', 'content', 'TEXT', 'editor', '', '', '', 255, 0, 0, '0', 0, 0, 0, 0, '', '', '1', '1388386638', ''),
(71, 15, 25, 'SEO标题', 'seo_title', 'VARCHAR', 'text', '', '', '', 255, 0, 0, '0', 0, 0, 0, 0, '', '', '1', '1388386870', ''),
(72, 15, 25, 'SEO关键字', 'seo_keyword', 'VARCHAR', 'text', '', '', '', 255, 0, 0, '0', 0, 0, 0, 0, '', '', '1', '1388388408', '1388388408'),
(73, 15, 25, 'SEO描述', 'seo_discription', 'TEXT', 'textarea', '', '', '', 255, 0, 0, '0', 0, 0, 0, 0, '', '', '1', '1388388454', '1388388454'),
(137, 20, 37, 'currency_code', 'currency_code', 'VARCHAR', 'text', '', '', '', 255, 0, 0, '0', 0, 0, 0, 0, '', '', '1', '1392627949', ''),
(77, 16, 26, '标题', 'name', 'VARCHAR', 'text', '', '', '', 255, 0, 0, '1', 1, 0, 0, 0, '', '', '1', '1388391993', ''),
(78, 16, 26, '图片', 'content', 'VARCHAR', 'file', '', '', '', 255, 0, 0, '1', 0, 0, 0, 0, '', '', '1', '1390982818', '1390982818'),
(101, 18, 31, '标题', 'name', 'VARCHAR', 'text', '', '', '', 255, 0, 0, '1', 1, 0, 0, 0, '', '', '1', '1388717201', ''),
(88, 16, 28, 'SEO标题', 'seo_title', 'VARCHAR', 'text', '', '', '', 255, 0, 0, '0', 0, 0, 0, 0, '', '', '1', '1388480522', ''),
(89, 16, 28, 'SEO关键字', 'seo_keyword', 'VARCHAR', 'text', '', '', '', 255, 0, 0, '0', 0, 0, 0, 0, '', '', '1', '1388480601', ''),
(90, 16, 28, 'SEO描述', 'seo_discription', 'TEXT', 'textarea', '', '', '', 255, 0, 0, '0', 0, 0, 0, 0, '', '', '1', '1388480618', ''),
(91, 10, 29, 'SEO标题', 'seo_title', 'VARCHAR', 'text', '', '', '', 255, 0, 0, '0', 0, 0, 0, 0, '', '', '1', '1388480690', ''),
(92, 10, 29, 'SEO关键字', 'seo_keyword', 'VARCHAR', 'text', '', '', '', 255, 0, 0, '0', 0, 0, 0, 0, '', '', '1', '1388480707', ''),
(93, 10, 29, 'SEO描述', 'seo_discription', 'TEXT', 'textarea', '', '', '', 255, 0, 0, '0', 0, 0, 0, 0, '', '', '1', '1388480723', ''),
(94, 14, 30, 'SEO标题', 'seo_title', 'VARCHAR', 'text', '', '', '', 255, 0, 0, '0', 0, 0, 0, 0, '', '', '1', '1388480874', ''),
(95, 14, 30, 'SEO关键字', 'seo_keyword', 'VARCHAR', 'text', '', '', '', 255, 0, 0, '0', 0, 0, 0, 0, '', '', '1', '1388480886', ''),
(96, 14, 30, 'SEO描述', 'seo_discription', 'TEXT', 'textarea', '', '', '', 255, 0, 0, '0', 0, 0, 0, 0, '', '', '1', '1388480902', ''),
(110, 19, 32, 'Email', 'email', 'VARCHAR', 'text', '', '', '', 255, 0, 16, '0', 1, 0, 0, 0, '', '', '1', '1392184495', '1392184495'),
(99, 1, 3, 'Image', 'image', 'VARCHAR', 'file', '', '', '', 255, 0, 20, '1', 0, 0, 0, 0, '', '', '1', '1394431318', '1394431318'),
(108, 19, 32, 'FirstName', 'FirstName', 'VARCHAR', 'text', '', '', '', 255, 0, 20, '0', 1, 0, 0, 0, '', '', '1', '1421203614', '1421203614'),
(171, 23, 42, 'Link', 'content', 'VARCHAR', 'text', '', '', '', 255, 0, 0, '1', 0, 0, 0, 0, '', '', '1', '1394073036', '1394073036'),
(111, 19, 32, 'Comment', 'Comment', 'TEXT', 'textarea', '', '', '', 255, 0, 1, '0', 0, 0, 0, 0, '', '', '1', '1421210600', '1421210600'),
(170, 23, 42, 'Image', 'image', 'VARCHAR', 'file', '', '', '', 255, 0, 0, '1', 0, 0, 0, 0, '195*165px', '', '1', '1394418342', '1394418342'),
(169, 23, 42, 'Title', 'name', 'VARCHAR', 'text', '', '', '', 255, 0, 0, '1', 1, 0, 0, 0, '', '', '1', '1394072968', ''),
(165, 21, 40, 'seo_discription', 'seo_discription', 'TEXT', 'textarea', '', '', '', 255, 0, 0, '0', 0, 0, 0, 0, '', '', '1', '1394069800', ''),
(164, 21, 40, 'seo_keyword', 'seo_keyword', 'VARCHAR', 'text', '', '', '', 255, 0, 0, '0', 0, 0, 0, 0, '', '', '1', '1394069785', ''),
(163, 21, 40, 'seo_title', 'seo_title', 'VARCHAR', 'text', '', '', '', 255, 0, 0, '0', 0, 0, 0, 0, '', '', '1', '1394069775', ''),
(225, 30, 47, 'PRODUCT NAME', 'name', 'VARCHAR', 'text', '', '', '', 255, 0, 0, '1', 1, 0, 0, 0, '', '', '1', '1421138786', ''),
(172, 24, 43, 'name', 'name', 'VARCHAR', 'text', '', '', '', 255, 0, 5, '1', 1, 0, 0, 0, '', '', '1', '1394435185', '1394435185'),
(173, 24, 43, 'big picture', 'image_2', 'VARCHAR', 'filedir', '', '', '', 255, 0, 3, '1', 1, 0, 0, 0, 'Size:552px*637px', '', '1', '1419387492', '1419387492'),
(174, 24, 43, 'Introduction', 'introduction', 'VARCHAR', 'text', '', '', '', 255, 0, 0, '0', 0, 0, 0, 0, '', '', '1', '1419387518', '1419387518'),
(140, 20, 37, 'current_tier', 'current_tier', 'VARCHAR', 'text', '', '', '', 255, 0, 0, '0', 0, 0, 0, 0, '', '', '1', '1392628175', ''),
(141, 20, 37, 'current_rank', 'current_rank', 'INT', 'text', '', '', '', 255, 0, 0, '0', 0, 0, 0, 0, '', '', '1', '1392628223', ''),
(142, 20, 37, 'lp_wins', 'lp_wins', 'INT', 'text', '', '', '', 255, 0, 0, '0', 0, 0, 0, 0, '', '', '1', '1392628234', ''),
(143, 20, 37, 'desired_tier', 'desired_tier', 'VARCHAR', 'text', '', '', '', 255, 0, 0, '0', 0, 0, 0, 0, '', '', '1', '1392628242', ''),
(144, 20, 37, 'desired_rank', 'desired_rank', 'INT', 'text', '', '', '', 255, 0, 0, '0', 0, 0, 0, 0, '', '', '1', '1392628249', ''),
(145, 20, 37, 'is_pay', 'is_pay', 'INT', 'text', '0', '', '', 255, 0, 0, '0', 0, 0, 0, 0, '', '', '1', '1392628342', ''),
(146, 20, 37, 'name', 'name', 'VARCHAR', 'text', '', '', '', 255, 0, 0, '0', 0, 0, 0, 0, '', '', '1', '1392629181', ''),
(147, 20, 37, 'email', 'email', 'VARCHAR', 'text', '', '', '', 255, 0, 0, '0', 0, 0, 0, 0, '', '', '1', '1392629192', ''),
(148, 20, 37, 'lol_username', 'lol_username', 'VARCHAR', 'text', '', '', '', 255, 0, 0, '0', 0, 0, 0, 0, '', '', '1', '1392629334', ''),
(149, 20, 37, 'lol_password', 'lol_password', 'VARCHAR', 'text', '', '', '', 255, 0, 0, '0', 0, 0, 0, 0, '', '', '1', '1392629350', ''),
(150, 20, 37, 'summoner_name', 'summoner_name', 'VARCHAR', 'text', '', '', '', 255, 0, 0, '0', 0, 0, 0, 0, '', '', '1', '1392629371', ''),
(151, 20, 37, 'IP', 'IP', 'INT', 'text', '', '', '', 255, 0, 0, '0', 0, 0, 0, 0, '', '', '1', '1392629417', '1392629417'),
(152, 20, 37, 'RP', 'RP', 'INT', 'text', '', '', '', 255, 0, 0, '0', 0, 0, 0, 0, '', '', '1', '1392629407', ''),
(153, 20, 37, 'note', 'note', 'TEXT', 'textarea', '', '', '', 255, 0, 0, '0', 0, 0, 0, 0, '', '', '1', '1392956091', '1392956091'),
(154, 20, 37, 'offline', 'offline', 'INT', 'text', '', '', '', 255, 0, 0, '0', 0, 0, 0, 0, '', '', '1', '1392708956', ''),
(162, 21, 39, 'Small Picture', 'image_1', 'VARCHAR', 'file', '', '', '', 255, 0, 3, '1', 1, 0, 0, 0, 'Size:194px*301px', '', '1', '1419387673', '1419387673'),
(226, 30, 47, 'PRODUCTS NUMBER', 'number', 'VARCHAR', 'text', '', '', '', 255, 0, 0, '0', 1, 0, 0, 0, '', '', '1', '1421138808', ''),
(160, 21, 39, 'Name', 'name', 'VARCHAR', 'text', '', '', '', 255, 0, 4, '1', 1, 0, 0, 0, '', '', '1', '1394070035', '1394070035'),
(161, 21, 39, 'Content', 'content', 'VARCHAR', 'text', '', '', '', 255, 0, 1, '0', 0, 0, 0, 0, '', '', '1', '1419387638', '1419387638'),
(158, 20, 37, 'randstr', 'randstr', 'VARCHAR', 'text', '', '', '', 255, 0, 0, '0', 0, 0, 0, 0, '', '', '1', '1392885621', ''),
(178, 26, 21, 'description', 'description', 'TEXT', 'textarea', '', '', '', 255, 0, 0, '0', 0, 0, 0, 0, '', '', '1', '1394429676', ''),
(181, 19, 32, 'Telephone', 'Telephone', 'VARCHAR', 'text', '', '', '', 255, 0, 14, '0', 1, 0, 0, 0, '', '', '1', '1421203668', '1421203668'),
(186, 1, 1, 'Logo', 'logo', 'VARCHAR', 'file', '', '', '', 255, 0, 90, '0', 0, 0, 0, 0, '[Size:107px*62px]', '', '1', '1421117683', '1421117683'),
(198, 21, 39, 'Big Picture', 'image_2', 'VARCHAR', 'file', '', '', '', 255, 0, 2, '1', 1, 0, 0, 0, 'Size:552px*637px', '', '1', '1419387665', '1419387665'),
(190, 1, 1, 'Title', 'title', 'VARCHAR', 'text', '', '', '', 255, 0, 99, '0', 0, 0, 0, 0, '', '', '1', '1407223770', ''),
(191, 28, 45, 'Name', 'name', 'VARCHAR', 'text', '', '', '', 255, 0, 0, '1', 1, 0, 1, 0, '', '', '1', '1407225175', ''),
(192, 28, 45, 'Pictures', 'content', 'VARCHAR', 'filedir', '', '', '', 255, 0, 0, '0', 0, 0, 0, 0, 'Size:600px*360px', '', '1', '1421202444', '1421202444'),
(193, 1, 1, 'Facebook', 'facebook', 'VARCHAR', 'text', '', '', '', 255, 0, 20, '0', 0, 0, 0, 0, '', '', '1', '1407231744', ''),
(194, 1, 1, 'Twitter', 'twitter', 'VARCHAR', 'text', '', '', '', 255, 0, 10, '0', 0, 0, 0, 0, '', '', '1', '1407231759', ''),
(208, 1, 1, 'Copyright', 'copyright', 'VARCHAR', 'text', '', '', '', 255, 0, 85, '0', 0, 0, 0, 0, '', '', '1', '1419320989', ''),
(209, 1, 1, 'Top location', 'top_location', 'VARCHAR', 'text', '', '', '', 255, 0, 80, '0', 0, 0, 0, 0, '', '', '1', '1421112641', '1421112641'),
(210, 1, 1, 'Home text', 'index_text', 'TEXT', 'editor', '', '', '', 255, 0, 75, '0', 0, 0, 0, 0, '', '', '1', '1421112742', '1421112742'),
(212, 1, 1, 'About Us Content', 'about', 'TEXT', 'editor', '', '', '', 255, 0, 70, '0', 0, 0, 0, 0, '', '', '1', '1419324066', ''),
(213, 1, 1, 'About Us Atlas', 'about_images', 'VARCHAR', 'filedir', '', '', '', 255, 0, 65, '0', 0, 0, 0, 0, 'Size:700px*400px', '', '1', '1425352089', '1425352089'),
(214, 1, 1, 'Contact Us Content', 'contact', 'TEXT', 'editor', '', '', '', 255, 0, 30, '0', 0, 0, 0, 0, '', '', '1', '1419324113', ''),
(218, 29, 46, 'SMTP Server', 'smtp_server', 'VARCHAR', 'text', '', '', '', 255, 0, 0, '1', 0, 0, 0, 0, '', '', '1', '1419398134', '1419398134'),
(219, 29, 46, 'SMTP Port', 'smtp_port', 'VARCHAR', 'text', '', '', '', 255, 0, 0, '1', 0, 0, 0, 0, '', '', '1', '1419398129', ''),
(220, 29, 46, 'Send Email Name', 'smtp_send_name', 'VARCHAR', 'text', '', '', '', 255, 0, 0, '1', 0, 0, 0, 0, '', '', '1', '1419398143', ''),
(221, 29, 46, 'Send Email Address', 'smtp_send_mail', 'VARCHAR', 'text', '', '', '', 255, 0, 0, '1', 0, 0, 0, 0, '', '', '1', '1419398156', ''),
(222, 29, 46, 'Receive_Email_Addres', 'smtp_res_mail', 'VARCHAR', 'text', '', '', '', 255, 0, 0, '1', 0, 0, 0, 0, '', '', '1', '1419398167', ''),
(223, 29, 46, 'SMTP Username', 'smtp_username', 'VARCHAR', 'text', '', '', '', 255, 0, 0, '1', 0, 0, 0, 0, '', '', '1', '1419398177', ''),
(224, 29, 46, 'SMTP Password', 'smtp_password', 'VARCHAR', 'text', '', '', '', 255, 0, 0, '1', 0, 0, 0, 0, '', '', '1', '1419398187', ''),
(228, 31, 48, 'Product name', 'name', 'VARCHAR', 'text', '', '', '', 255, 0, 3, '1', 1, 0, 0, 0, '', '', '1', '1421140716', ''),
(229, 31, 48, 'Products number', 'number', 'VARCHAR', 'text', '', '', '', 255, 0, 0, '0', 1, 0, 0, 0, '', '', '1', '1421140765', ''),
(230, 31, 48, 'Products material', 'material', 'VARCHAR', 'text', '', '', '', 255, 0, 0, '0', 0, 0, 0, 0, '', '', '1', '1425111352', '1425111352'),
(231, 31, 48, 'Products colors', 'colors', 'VARCHAR', 'filedir', '', '', '', 255, 0, 0, '0', 0, 0, 0, 0, 'Size:306px*463px', '', '1', '1421140833', ''),
(232, 31, 48, 'Picture', 'attachment', 'VARCHAR', 'file', '', '', '', 255, 0, 2, '0', 1, 0, 0, 0, 'Size:300px*200px', '', '1', '1425352200', '1425352200'),
(233, 32, 49, 'PRODUCT NAME', 'name', 'VARCHAR', 'text', '', '', '', 255, 0, 3, '1', 1, 0, 0, 0, '', '', '1', '1421199344', ''),
(234, 32, 49, 'Pictures', 'attachment', 'VARCHAR', 'file', '', '', '', 255, 0, 1, '0', 1, 0, 0, 0, 'Size:300px*200px', '', '1', '1425352208', '1425352208'),
(235, 32, 49, 'PRODUCTS NUMBER', 'number', 'VARCHAR', 'text', '', '', '', 255, 0, 2, '0', 1, 0, 0, 0, '', '', '1', '1425017637', '1425017637'),
(236, 33, 50, 'Product name', 'name', 'VARCHAR', 'text', '', '', '', 255, 0, 0, '1', 1, 0, 0, 0, '', '', '1', '1421200282', ''),
(237, 33, 50, 'Picture', 'attachment', 'VARCHAR', 'file', '', '', '', 255, 0, 0, '0', 0, 0, 0, 0, 'Size:185px*270px', '', '1', '1421200338', ''),
(238, 33, 50, 'Products number', 'number', 'VARCHAR', 'text', '', '', '', 255, 0, 0, '0', 1, 0, 0, 0, '', '', '1', '1421200375', ''),
(239, 33, 50, 'Products material', 'material', 'VARCHAR', 'text', '', '', '', 255, 0, 0, '0', 1, 0, 0, 0, '', '', '1', '1421200386', ''),
(240, 33, 50, 'Products colors', 'colors', 'VARCHAR', 'filedir', '', '', '', 255, 0, 0, '0', 0, 0, 0, 0, 'Size:306px*463px', '', '1', '1421201517', '1421201517'),
(241, 19, 32, 'LastName', 'LastName', 'VARCHAR', 'text', '', '', '', 255, 0, 18, '0', 1, 0, 0, 0, '', '', '1', '1421203630', ''),
(242, 19, 32, 'Space SqFt', 'Space', 'VARCHAR', 'text', '', '', '', 255, 0, 12, '0', 0, 0, 0, 0, '', '', '1', '1421210446', ''),
(243, 19, 32, 'Budget', 'Budget', 'VARCHAR', 'text', '', '', '', 255, 0, 10, '0', 0, 0, 0, 0, '', '', '1', '1421210469', ''),
(244, 19, 32, 'Postal Code', 'Postal', 'VARCHAR', 'checkbox', '', 'Kitchen,Bathroom,Flooring,Mantel,Hardwood,Tiles,Countertops,Cabinets,Granite', '', 255, 0, 13, '0', 0, 0, 0, 0, '', '', '1', '1421212328', '1421212328'),
(245, 19, 32, 'File Upload', 'attachment', 'VARCHAR', 'upfile', '', '', '', 255, 0, 0, '0', 0, 0, 0, 0, '', '', '1', '1421210703', ''),
(246, 1, 1, 'Carrer', 'Carrer', 'TEXT', 'editor', '', '', '', 255, 0, 0, '0', 0, 0, 0, 0, '', '', '1', '1422421727', ''),
(247, 1, 1, 'Map picture', 'map', 'VARCHAR', 'file', '', '', '', 255, 0, 5, '0', 0, 0, 0, 0, 'Size:800px*430px', '', '1', '1423217945', '1423217945'),
(248, 1, 1, 'Gallery', 'gallery', 'VARCHAR', 'filedir', '', '', '', 255, 0, 0, '0', 0, 0, 0, 0, 'Size:700px*400px', '', '1', '1425352079', '1425352079'),
(400, 35, 49, 'PRODUCT NAME', 'name', 'VARCHAR', 'text', '', '', '', 255, 0, 3, '1', 1, 0, 0, 0, '', '', '1', '1421199344', ''),
(401, 35, 49, 'Pictures', 'attachment', 'VARCHAR', 'file', '', '', '', 255, 0, 1, '0', 1, 0, 0, 0, 'Size:300px*200px', '', '1', '1425352208', '1425352208'),
(402, 35, 49, 'PRODUCTS NUMBER', 'number', 'VARCHAR', 'text', '', '', '', 255, 0, 2, '0', 1, 0, 0, 0, '', '', '1', '1425017637', '1425017637'),
(403, 36, 49, 'PRODUCT NAME', 'name', 'VARCHAR', 'text', '', '', '', 255, 0, 3, '1', 1, 0, 0, 0, '', '', '1', '1421199344', ''),
(404, 36, 49, 'Pictures', 'attachment', 'VARCHAR', 'file', '', '', '', 255, 0, 1, '0', 1, 0, 0, 0, 'Size:300px*200px', '', '1', '1425352208', '1425352208'),
(405, 36, 49, 'PRODUCTS NUMBER', 'number', 'VARCHAR', 'text', '', '', '', 255, 0, 2, '0', 1, 0, 0, 0, '', '', '1', '1425017637', '1425017637'),
(406, 37, 49, 'PRODUCT NAME', 'name', 'VARCHAR', 'text', '', '', '', 255, 0, 3, '1', 1, 0, 0, 0, '', '', '1', '1421199344', ''),
(407, 37, 49, 'Pictures', 'attachment', 'VARCHAR', 'file', '', '', '', 255, 0, 1, '0', 1, 0, 0, 0, 'Size:300px*200px', '', '1', '1425352208', '1425352208'),
(408, 37, 49, 'PRODUCTS NUMBER', 'number', 'VARCHAR', 'text', '', '', '', 255, 0, 2, '0', 1, 0, 0, 0, '', '', '1', '1425017637', '1425017637'),
(409, 38, 49, 'PRODUCT NAME', 'name', 'VARCHAR', 'text', '', '', '', 255, 0, 3, '1', 1, 0, 0, 0, '', '', '1', '1421199344', ''),
(410, 38, 49, 'Pictures', 'attachment', 'VARCHAR', 'file', '', '', '', 255, 0, 1, '0', 1, 0, 0, 0, 'Size:300px*200px', '', '1', '1425352208', '1425352208'),
(411, 38, 49, 'PRODUCTS NUMBER', 'number', 'VARCHAR', 'text', '', '', '', 255, 0, 2, '0', 1, 0, 0, 0, '', '', '1', '1425017637', '1425017637');

-- --------------------------------------------------------

--
-- 表的结构 `hcseo_field_group`
--

CREATE TABLE IF NOT EXISTS `hcseo_field_group` (
  `id` int(11) NOT NULL AUTO_INCREMENT,
  `module` varchar(100) NOT NULL,
  `name` varchar(255) NOT NULL,
  `issys` tinyint(1) NOT NULL,
  `sort` int(8) NOT NULL,
  `postdate` varchar(50) NOT NULL,
  `editdate` varchar(50) NOT NULL,
  `lang` tinyint(1) NOT NULL,
  PRIMARY KEY (`id`)
) ENGINE=MyISAM  DEFAULT CHARSET=utf8 AUTO_INCREMENT=52 ;

--
-- 转存表中的数据 `hcseo_field_group`
--

INSERT INTO `hcseo_field_group` (`id`, `module`, `name`, `issys`, `sort`, `postdate`, `editdate`, `lang`) VALUES
(1, 'Settings', '基本信息', 0, 1, '1386051017', '', 0),
(3, 'Settings', '附件设置', 0, 1, '1386051165', '', 0),
(43, 'Menu', 'Information', 0, 1, '1394075285', '', 0),
(9, 'Settings', 'SEO设置 ', 0, 1, '1386053810', '', 0),
(44, 'Menu', 'SEO', 0, 1, '1394075782', '', 0),
(39, 'Article', 'Information', 0, 1, '1394069372', '', 0),
(37, 'Order', 'Information', 0, 1, '1392369648', '', 0),
(14, 'Party', '基本信息', 0, 1, '1386924546', '', 0),
(15, 'Cases', '基本信息', 0, 1, '1387166986', '', 0),
(16, 'Cased', '基本信息', 0, 1, '1387180447', '', 0),
(17, 'Recommend', '基本信息', 0, 1, '1387181085', '', 0),
(18, 'Party', 'SEO设置', 0, 1, '1387271275', '', 0),
(19, 'Const', '基本信息', 0, 1, '1387337467', '', 0),
(20, 'Link', '基本信息', 0, 1, '1387339491', '', 0),
(21, 'Banner', '基本信息', 0, 1, '1387339971', '', 0),
(22, 'About', '基本信息', 0, 1, '1388384339', '', 0),
(24, 'Club', '基本信息', 0, 1, '1388386517', '', 0),
(25, 'Club', 'SEO设置', 0, 1, '1388386595', '', 0),
(26, 'Join', '基本信息', 0, 1, '1388391969', '', 0),
(28, 'Join', 'SEO设置', 0, 1, '1388480482', '', 0),
(29, 'Recommend', 'SEO设置', 0, 1, '1388480669', '', 0),
(30, 'About', 'SEO设置', 0, 1, '1388480852', '', 0),
(31, 'Flink', '基本信息', 0, 1, '1388717173', '', 0),
(32, 'Feedback', '基本信息', 0, 1, '1390535816', '', 0),
(40, 'Article', 'SEO', 0, 1, '1394069379', '', 0),
(42, 'Advertisement', 'Information', 0, 1, '1394072950', '', 0),
(45, 'Gallery', 'Information', 0, 1, '1407225129', '', 0),
(46, 'Subsetting', '邮件设置', 0, 1, '1419398088', '', 0),
(47, 'Stone', 'Infomation', 0, 1, '1421138105', '', 0),
(48, 'Hardwood', 'Information', 0, 1, '1421140117', '', 0),
(49, 'Title', 'Information', 0, 1, '1421140507', '', 0),
(50, 'Cabinets', 'Information', 0, 1, '1421140509', '', 0),
(51, 'Top', 'Information', 0, 1, '1438583378', '', 0);

-- --------------------------------------------------------

--
-- 表的结构 `hcseo_field_tpl`
--

CREATE TABLE IF NOT EXISTS `hcseo_field_tpl` (
  `id` int(11) NOT NULL AUTO_INCREMENT,
  `module` varchar(120) COLLATE utf8_unicode_ci NOT NULL,
  `name` varchar(200) COLLATE utf8_unicode_ci NOT NULL,
  `groupID` varchar(255) COLLATE utf8_unicode_ci NOT NULL,
  `groupName` varchar(255) COLLATE utf8_unicode_ci NOT NULL,
  `fieldID` varchar(255) COLLATE utf8_unicode_ci NOT NULL,
  `fieldTitle` text COLLATE utf8_unicode_ci NOT NULL,
  `fieldName` text COLLATE utf8_unicode_ci NOT NULL,
  `issys` tinyint(1) NOT NULL,
  `sort` int(11) NOT NULL DEFAULT '0',
  `perLine` tinyint(1) NOT NULL,
  `postdate` varchar(50) COLLATE utf8_unicode_ci NOT NULL,
  `editdate` varchar(50) COLLATE utf8_unicode_ci NOT NULL,
  `lang` tinyint(1) NOT NULL,
  PRIMARY KEY (`id`)
) ENGINE=MyISAM  DEFAULT CHARSET=utf8 COLLATE=utf8_unicode_ci COMMENT='信息模板' AUTO_INCREMENT=40 ;

--
-- 转存表中的数据 `hcseo_field_tpl`
--

INSERT INTO `hcseo_field_tpl` (`id`, `module`, `name`, `groupID`, `groupName`, `fieldID`, `fieldTitle`, `fieldName`, `issys`, `sort`, `perLine`, `postdate`, `editdate`, `lang`) VALUES
(1, 'Settings', '系统参数', '1||9', 'Web Information||SEO', '190||186||208||209||210||212||213||214||193||194||247||246||248||16||17||18', '网站标题||Logo||Copyright||Top location||董事长致辞||About Us Content||About Us Atlas||Contact Us Content||Facebook||Twitter||Map picture||加盟专区||图片管理||Title||Keyword||Discription', 'title||logo||copyright||top_location||index_text||about||about_images||contact||facebook||twitter||map||Carrer||gallery||indexTitle||indexKeyword||indexDiscription', 0, 99, 1, '1386050658', '1388384319', 0),
(37, 'News', 'News', '49', 'Information', '406||407||408||412', 'Picture NAME||Pictures||Picture NUMBER||content', 'name||attachments||content||content', 0, 1, 1, '1421140482', '1421140482', 0),
(19, 'Feedback', 'Message', '32', 'Information', '108||241||110||181||244||242||243||111', 'FirstName||LastName||Email||Telephone||Postal Code||Space SqFt||Budget||Comment', 'FirstName||LastName||email||Telephone||Postal||Space||Budget||Comment', 0, 1, 1, '1390535790', '1392187219', 0),
(24, 'Menu', 'Menu', '43', 'Information', '172||180||173||174', 'name||small picture||big picture||Introduction', 'name||image_1||image_2||introduction', 0, 1, 1, '1394075264', '1398413723', 0),
(21, 'Article', 'Menu', '39', 'Information', '160||162||198||161', 'Name||Small Picture||Big Picture||Content', 'name||image_1||image_2||content', 0, 1, 1, '1394069359', '1407292167', 0),
(13, 'Banner', 'Banner', '21', 'information', '59||60||61', 'Title||image||link', 'name||logo||url', 0, 10, 1, '1387339960', '1392187209', 0),
(14, 'About', '企业信息', '22||30', '基本信息||SEO设置', '63||64||94||95||96', '标题||内容||SEO标题||SEO关键字||SEO描述', 'name||content||seo_title||seo_keyword||seo_discription', 0, 90, 1, '1388384303', '1388386475', 0),
(18, 'Flink', '友情链接', '31', '基本信息', '101||102', '标题||链接', 'name||content', 0, 15, 1, '1388717165', '1388717165', 0),
(29, 'Subsetting', '其它设置', '46', 'Email Server Setting', '218||219||220||221||222||223||224', 'SMTP Server||SMTP Port||Send Email Name||Send Email Address||Receive_Email_Addres||SMTP Username||SMTP Password', 'smtp_server||smtp_port||smtp_send_name||smtp_send_mail||smtp_res_mail||smtp_username||smtp_password', 0, 1, 1, '1419398082', '1419398082', 0),
(36, 'Vidio', 'Vidio', '49', 'Information', '403||404||405', 'Picture NAME||Pictures|Picture NUMBER', 'name||attachments||content', 0, 1, 1, '1421140482', '1421140482', 0),
(32, 'Top', 'Top', '49', 'Information', '233||234||235', 'Picture NAME||Pictures|Picture NUMBER', 'name||attachments||content', 0, 1, 1, '1421140482', '1421140482', 0),
(35, 'End', 'End', '49', 'Information', '400||401||402', 'Picture NAME||Pictures|Picture NUMBER', 'name||attachments||content', 0, 1, 1, '1421140482', '1421140482', 0),
(33, 'Cabinets', 'Cabinets', '50', 'Information', '236||237||238||239||240', 'Product name||Picture||Products number||Products material||Products colors', 'name||attachment||number||material||colors', 0, 1, 1, '1421140497', '1421140497', 0),
(38, 'Product', 'Product', '49', 'Information', '409||410||411', 'Picture NAME||Pictures|Picture NUMBER', 'name||attachments||content', 0, 1, 1, '1421140482', '1421140482', 0);

-- --------------------------------------------------------

--
-- 表的结构 `hcseo_file`
--

CREATE TABLE IF NOT EXISTS `hcseo_file` (
  `id` int(11) NOT NULL AUTO_INCREMENT,
  `name` varchar(255) COLLATE utf8_unicode_ci NOT NULL,
  `displayorder` varchar(255) COLLATE utf8_unicode_ci NOT NULL DEFAULT '0',
  `attachment` varchar(255) COLLATE utf8_unicode_ci NOT NULL,
  `postdate` int(12) NOT NULL,
  PRIMARY KEY (`id`)
) ENGINE=MyISAM  DEFAULT CHARSET=utf8 COLLATE=utf8_unicode_ci AUTO_INCREMENT=24 ;

--
-- 转存表中的数据 `hcseo_file`
--

INSERT INTO `hcseo_file` (`id`, `name`, `displayorder`, `attachment`, `postdate`) VALUES
(1, 'banner_01', '0', '__ROOT__/Public/en/images/banner/banner01.png', 0),
(2, 'banner_02', '0', '__ROOT__/Public/en/images/banner/banner02.png', 0),
(3, 'banner_01', '0', '__ROOT__/Public/en/images/banner/banner01.png', 0),
(4, 'banner_02', '0', '__ROOT__/Public/en/images/banner/banner02.png', 0),
(5, 'banner_02', '0', '__ROOT__/Public/en/images/banner/banner02.png', 0),
(6, 'banner_02', '0', '__ROOT__/Public/en/images/banner/banner02.png', 0),
(7, 'about_images', 'MN,', '__ROOT__/Public/en/images/neiyepic1.png', 0),
(9, 'xingxiang_01', '0', '__ROOT__/Public/en/images/xingxiang1.png', 0),
(10, 'xingxiang_02', '0', '__ROOT__/Public/en/images/xingxiang2.png', 0),
(11, 'xingxiang_03', '0', '__ROOT__/Public/en/images/xingxiang3.png', 0),
(12, 'xingxiang_04', '0', '__ROOT__/Public/en/images/xingxiang4.png', 0),
(13, 'xingxiang_05', '0', '__ROOT__/Public/en/images/xingxiang5.png', 0),
(14, 'xingxiang_06', '0', '__ROOT__/Public/en/images/xingxiang6.png', 0),
(15, 'news1', 'Sophia kah品牌主营高级女装，品牌由Ana Teixeira de Sousa创立于2010年。Sophia kah的动人创意设计精心，旨在构建一个外观完整的整体风格，打造别致的现代女人形象，可以肯定的是，精致的风格将使她长保惊艳别致。', '__ROOT__/Public/en/images/zixun1.png', 0),
(17, 'invideo1.png', '0', '__ROOT__/Attachments/b/20150803/1438572735Gq5KrzureN.png', 1438572735),
(18, 'logo.png', '0', '__ROOT__/Attachments/b/20150803/1438572818CD5JLw7Q4i.png', 1438572818),
(19, 'banner01.png', '0', '__ROOT__/Attachments/upload/20150803/630f066319af86427e035fac65190857.png', 1438583849),
(20, 'banner01.png', '0', '__ROOT__/Attachments/b/20150803/1438585610Q48utzwXVt.png', 1438585611),
(22, 'new1.png', '0', '__ROOT__/Attachments/b/20150803/1438585936gd19BHDhTc.png', 1438585936),
(23, 'new1.png', '0', '__ROOT__/Attachments/b/20150803/1438585964MrW29qDKdc.png', 1438585964);

-- --------------------------------------------------------

--
-- 表的结构 `hcseo_flink`
--

CREATE TABLE IF NOT EXISTS `hcseo_flink` (
  `id` int(11) NOT NULL AUTO_INCREMENT,
  `ischecked` tinyint(1) NOT NULL DEFAULT '1',
  `isgood` tinyint(1) NOT NULL DEFAULT '0',
  `cid` int(8) NOT NULL DEFAULT '0',
  `postdate` varchar(18) COLLATE utf8_unicode_ci NOT NULL,
  `editdate` varchar(18) COLLATE utf8_unicode_ci NOT NULL,
  `hits` int(8) NOT NULL DEFAULT '0',
  `lang` varchar(18) COLLATE utf8_unicode_ci DEFAULT NULL,
  `displayorder` int(8) NOT NULL DEFAULT '0',
  `name` varchar(255) COLLATE utf8_unicode_ci DEFAULT NULL,
  `content` varchar(255) COLLATE utf8_unicode_ci DEFAULT NULL,
  PRIMARY KEY (`id`),
  UNIQUE KEY `id` (`id`)
) ENGINE=MyISAM  DEFAULT CHARSET=utf8 COLLATE=utf8_unicode_ci AUTO_INCREMENT=5 ;

-- --------------------------------------------------------

--
-- 表的结构 `hcseo_menu`
--

CREATE TABLE IF NOT EXISTS `hcseo_menu` (
  `id` int(11) NOT NULL AUTO_INCREMENT,
  `ischecked` tinyint(1) NOT NULL,
  `cid` int(8) DEFAULT NULL,
  `doAction` varchar(80) COLLATE utf8_unicode_ci NOT NULL,
  `postdate` varchar(18) COLLATE utf8_unicode_ci NOT NULL,
  `editdate` varchar(18) COLLATE utf8_unicode_ci NOT NULL,
  `hits` int(8) NOT NULL DEFAULT '0',
  `lang` varchar(18) COLLATE utf8_unicode_ci NOT NULL,
  `displayorder` int(8) NOT NULL DEFAULT '0',
  `content` int(11) DEFAULT NULL,
  `seo_title` varchar(255) COLLATE utf8_unicode_ci DEFAULT NULL,
  `seo_keyword` varchar(255) COLLATE utf8_unicode_ci DEFAULT NULL,
  `seo_discription` varchar(255) COLLATE utf8_unicode_ci DEFAULT NULL,
  `perwin` float(16,2) DEFAULT NULL,
  `LP0_20` float(16,2) DEFAULT NULL,
  `LP21_40` float(16,2) DEFAULT NULL,
  `LP41_60` float(16,2) DEFAULT NULL,
  `LP61_80` float(16,2) DEFAULT NULL,
  `LP81_100` float(16,2) DEFAULT NULL,
  `name` varchar(255) COLLATE utf8_unicode_ci DEFAULT NULL,
  `image_2` varchar(255) COLLATE utf8_unicode_ci DEFAULT NULL,
  `introduction` varchar(255) COLLATE utf8_unicode_ci DEFAULT NULL,
  `image_1` varchar(255) COLLATE utf8_unicode_ci DEFAULT NULL,
  PRIMARY KEY (`id`),
  UNIQUE KEY `id` (`id`)
) ENGINE=MyISAM  DEFAULT CHARSET=utf8 COLLATE=utf8_unicode_ci AUTO_INCREMENT=86 ;

-- --------------------------------------------------------

--
-- 表的结构 `hcseo_news`
--

CREATE TABLE IF NOT EXISTS `hcseo_news` (
  `id` int(11) NOT NULL AUTO_INCREMENT,
  `ischecked` tinyint(1) NOT NULL DEFAULT '1',
  `isgood` tinyint(1) NOT NULL DEFAULT '0',
  `cid` int(8) NOT NULL DEFAULT '0',
  `postdate` varchar(18) COLLATE utf8_unicode_ci NOT NULL,
  `editdate` varchar(18) COLLATE utf8_unicode_ci NOT NULL,
  `hits` int(8) NOT NULL DEFAULT '0',
  `lang` varchar(18) COLLATE utf8_unicode_ci DEFAULT NULL,
  `content` varchar(255) COLLATE utf8_unicode_ci NOT NULL DEFAULT '0',
  `name` varchar(255) COLLATE utf8_unicode_ci DEFAULT NULL,
  `attachment` varchar(255) COLLATE utf8_unicode_ci DEFAULT NULL,
  `number` varchar(255) COLLATE utf8_unicode_ci DEFAULT NULL,
  PRIMARY KEY (`id`),
  UNIQUE KEY `id` (`id`)
) ENGINE=MyISAM  DEFAULT CHARSET=utf8 COLLATE=utf8_unicode_ci AUTO_INCREMENT=5 ;

--
-- 转存表中的数据 `hcseo_news`
--

INSERT INTO `hcseo_news` (`id`, `ischecked`, `isgood`, `cid`, `postdate`, `editdate`, `hits`, `lang`, `content`, `name`, `attachment`, `number`) VALUES
(3, 1, 0, 201, '1438585800', '1438650772', 0, 'en', '<p>\r\n	<strong><span style="color: rgb(71, 71, 70); font-family: ''Microsoft YaHei''; line-height: 20px; background-color: rgb(240, 232, 206);">Sophia kah品牌主营高级女装，品牌由Ana Teixeira de Sousa创立于2010年。Sophia kah的动人创意设计精心，旨在构建一个外观完整的整体风格，打造别致的现代女人形象，可以肯定的是，精致的风格将使', '皇室迷梦', '__ROOT__/Attachments/b/20150803/1438585936gd19BHDhTc.png', ''),
(4, 1, 0, 201, '1438585964', '1438650753', 0, 'en', '<pre style="color: rgb(0, 0, 0); font-family: 宋体; font-size: 12pt;">\r\n<span style="background-color:#efefef;"><!--</span--><span style="color:#000080;background-color:#efefef;font-weight:bold;">volist</span><span style="background-color:#efefef;">&gt;</sp', '皇室迷梦', '__ROOT__/Attachments/b/20150803/1438585964MrW29qDKdc.png', '1');

-- --------------------------------------------------------

--
-- 表的结构 `hcseo_product`
--

CREATE TABLE IF NOT EXISTS `hcseo_product` (
  `id` int(11) NOT NULL AUTO_INCREMENT,
  `ischecked` tinyint(1) NOT NULL DEFAULT '1',
  `isgood` tinyint(1) NOT NULL DEFAULT '0',
  `cid` int(8) NOT NULL DEFAULT '0',
  `postdate` varchar(18) COLLATE utf8_unicode_ci NOT NULL,
  `editdate` varchar(18) COLLATE utf8_unicode_ci NOT NULL,
  `hits` int(8) NOT NULL DEFAULT '0',
  `lang` varchar(18) COLLATE utf8_unicode_ci DEFAULT NULL,
  `content` varchar(255) COLLATE utf8_unicode_ci NOT NULL DEFAULT '0',
  `name` varchar(255) COLLATE utf8_unicode_ci DEFAULT NULL,
  `attachment` varchar(255) COLLATE utf8_unicode_ci DEFAULT NULL,
  `number` varchar(255) COLLATE utf8_unicode_ci DEFAULT NULL,
  PRIMARY KEY (`id`),
  UNIQUE KEY `id` (`id`)
) ENGINE=MyISAM  DEFAULT CHARSET=utf8 COLLATE=utf8_unicode_ci AUTO_INCREMENT=6 ;

--
-- 转存表中的数据 `hcseo_product`
--

INSERT INTO `hcseo_product` (`id`, `ischecked`, `isgood`, `cid`, `postdate`, `editdate`, `hits`, `lang`, `content`, `name`, `attachment`, `number`) VALUES
(1, 1, 0, 202, '', '', 0, 'en', '', '皇室迷梦', '__ROOT__/Public/en/images/product1.png', NULL),
(2, 1, 0, 202, '', '', 0, 'en', '', '皇室迷梦', '__ROOT__/Public/en/images/product2.png', NULL),
(3, 1, 0, 202, '', '', 0, 'en', '', '皇室迷梦', '__ROOT__/Public/en/images/product3.png', NULL);

-- --------------------------------------------------------

--
-- 表的结构 `hcseo_region`
--

CREATE TABLE IF NOT EXISTS `hcseo_region` (
  `region_id` int(10) unsigned NOT NULL AUTO_INCREMENT,
  `region_name` varchar(100) NOT NULL DEFAULT '',
  `parent_id` int(10) unsigned NOT NULL DEFAULT '0',
  `sort_order` tinyint(3) unsigned NOT NULL DEFAULT '255',
  PRIMARY KEY (`region_id`),
  KEY `parent_id` (`parent_id`)
) ENGINE=MyISAM  DEFAULT CHARSET=gbk AUTO_INCREMENT=3687 ;

--
-- 转存表中的数据 `hcseo_region`
--

INSERT INTO `hcseo_region` (`region_id`, `region_name`, `parent_id`, `sort_order`) VALUES
(1, '北京市', 0, 255),
(2, '天津市', 0, 255),
(3, '湖北省', 0, 255),
(4, '山西省', 0, 255),
(5, '内蒙古', 0, 255),
(6, '辽宁省', 0, 255),
(7, '吉林省', 0, 255),
(8, '黑龙江', 0, 255),
(9, '上海市', 0, 255),
(10, '江苏省', 0, 255),
(11, '浙江省', 0, 255),
(12, '安徽省', 0, 255),
(13, '福建省', 0, 255),
(14, '江西省', 0, 255),
(15, '山东省', 0, 255),
(16, '河南省', 0, 255),
(17, '河北省', 0, 255),
(18, '湖南省', 0, 255),
(19, '广东省', 0, 255),
(20, '广西', 0, 255),
(21, '海南省', 0, 255),
(22, '重庆市', 0, 255),
(23, '四川声', 0, 255),
(24, '贵州省', 0, 255),
(25, '云南省', 0, 255),
(26, '西藏', 0, 255),
(27, '陕西省', 0, 255),
(28, '甘肃省', 0, 255),
(29, '青海省', 0, 255),
(30, '宁夏', 0, 255),
(31, '新疆', 0, 255),
(32, '香港', 0, 255),
(33, '澳门', 0, 255),
(34, '台湾省', 0, 255),
(35, '北京市', 1, 255),
(36, '东城区', 1, 255),
(37, '西城区', 1, 255),
(38, '崇文区', 1, 255),
(39, '宣武区', 1, 255),
(40, '朝阳区', 1, 255),
(41, '丰台区', 1, 255),
(42, '石景山区', 1, 255),
(43, '海淀区', 1, 255),
(44, '门头沟区', 1, 255),
(45, '房山区', 1, 255),
(46, '通州区', 1, 255),
(47, '顺义区', 1, 255),
(48, '昌平区', 1, 255),
(49, '大兴区', 1, 255),
(50, '怀柔区', 1, 255),
(51, '平谷区', 1, 255),
(52, '密云县', 1, 255),
(53, '延庆县', 1, 255),
(54, '天津市', 2, 255),
(55, '和平区', 2, 255),
(56, '河东区', 2, 255),
(57, '河西区', 2, 255),
(58, '南开区', 2, 255),
(59, '河北区', 2, 255),
(60, '红桥区', 2, 255),
(61, '东丽区', 2, 255),
(62, '西青区', 2, 255),
(63, '津南区', 2, 255),
(64, '北辰区', 2, 255),
(65, '武清区', 2, 255),
(66, '宝坻区', 2, 255),
(67, '滨海新区', 2, 255),
(68, '宁河县', 2, 255),
(69, '静海县', 2, 255),
(70, '蓟县', 2, 255),
(71, '武汉市', 3, 255),
(72, '江岸区', 71, 255),
(73, '江汉区', 71, 255),
(74, '硚口区', 71, 255),
(75, '汉阳区', 71, 255),
(76, '武昌区', 71, 255),
(77, '青山区', 71, 255),
(78, '洪山区', 71, 255),
(79, '东西湖区', 71, 255),
(80, '汉南区', 71, 255),
(81, '蔡甸区', 71, 255),
(82, '江夏区', 71, 255),
(83, '黄陂区', 71, 255),
(84, '新洲区', 71, 255),
(85, '黄石市', 3, 255),
(86, '黄石港区', 85, 255),
(87, '西塞山区', 85, 255),
(88, '下陆区', 85, 255),
(89, '铁山区', 85, 255),
(90, '阳新县', 85, 255),
(91, '大冶市', 85, 255),
(92, '十堰市', 3, 255),
(93, '茅箭区', 92, 255),
(94, '张湾区', 92, 255),
(95, '郧县', 92, 255),
(96, '郧西县', 92, 255),
(97, '竹山县', 92, 255),
(98, '竹溪县', 92, 255),
(99, '房县', 92, 255),
(100, '丹江口市', 92, 255),
(101, '宜昌市', 3, 255),
(102, '西陵区', 101, 255),
(103, '伍家岗区', 101, 255),
(104, '点军区', 101, 255),
(105, '猇亭区', 101, 255),
(106, '夷陵区', 101, 255),
(107, '远安县', 101, 255),
(108, '兴山县', 101, 255),
(109, '秭归县', 101, 255),
(110, '长阳土家族自治县', 101, 255),
(111, '五峰土家族自治县', 101, 255),
(112, '宜都市', 101, 255),
(113, '当阳市', 101, 255),
(114, '枝江市', 101, 255),
(115, '襄樊市', 3, 255),
(116, '襄城区', 115, 255),
(117, '樊城区', 115, 255),
(118, '襄阳区', 115, 255),
(119, '南漳县', 115, 255),
(120, '谷城县', 115, 255),
(121, '保康县', 115, 255),
(122, '老河口市', 115, 255),
(123, '枣阳市', 115, 255),
(124, '宜城市', 115, 255),
(125, '鄂州市', 3, 255),
(126, '梁子湖区', 125, 255),
(127, '华容区', 125, 255),
(128, '鄂城区', 125, 255),
(129, '荆门市', 3, 255),
(130, '东宝区', 129, 255),
(131, '掇刀区', 129, 255),
(132, '京山县', 129, 255),
(133, '沙洋县', 129, 255),
(134, '钟祥市', 129, 255),
(135, '孝感市', 3, 255),
(136, '孝南区', 135, 255),
(137, '孝昌县', 135, 255),
(138, '大悟县', 135, 255),
(139, '云梦县', 135, 255),
(140, '应城市', 135, 255),
(141, '安陆市', 135, 255),
(142, '汉川市', 135, 255),
(143, '荆州市', 3, 255),
(144, '沙市区', 143, 255),
(145, '荆州区', 143, 255),
(146, '公安县', 143, 255),
(147, '监利县', 143, 255),
(148, '江陵县', 143, 255),
(149, '石首市', 143, 255),
(150, '洪湖市', 143, 255),
(151, '松滋市', 143, 255),
(152, '黄冈市', 3, 255),
(153, '黄州区', 152, 255),
(154, '团风县', 152, 255),
(155, '红安县', 152, 255),
(156, '罗田县', 152, 255),
(157, '英山县', 152, 255),
(158, '浠水县', 152, 255),
(159, '蕲春县', 152, 255),
(160, '黄梅县', 152, 255),
(161, '麻城市', 152, 255),
(162, '武穴市', 152, 255),
(163, '咸宁市', 3, 255),
(164, '咸安区', 163, 255),
(165, '嘉鱼县', 163, 255),
(166, '通城县', 163, 255),
(167, '崇阳县', 163, 255),
(168, '通山县', 163, 255),
(169, '赤壁市', 163, 255),
(170, '随州市', 3, 255),
(171, '曾都区', 170, 255),
(172, '随县', 170, 255),
(173, '广水市', 170, 255),
(174, '恩施土家族苗族自治州', 3, 255),
(175, '恩施市', 174, 255),
(176, '利川市', 174, 255),
(177, '建始县', 174, 255),
(178, '巴东县', 174, 255),
(179, '宣恩县', 174, 255),
(180, '咸丰县', 174, 255),
(181, '来凤县', 174, 255),
(182, '鹤峰县', 174, 255),
(183, '仙桃市', 3, 255),
(184, '', 183, 255),
(185, '潜江市', 3, 255),
(186, '', 185, 255),
(187, '天门市', 3, 255),
(188, '', 187, 255),
(189, '神农架林区', 3, 255),
(190, '', 189, 255),
(191, '太原市', 4, 255),
(192, '小店区', 191, 255),
(193, '迎泽区', 191, 255),
(194, '杏花岭区', 191, 255),
(195, '尖草坪区', 191, 255),
(196, '万柏林区', 191, 255),
(197, '晋源区', 191, 255),
(198, '清徐县', 191, 255),
(199, '阳曲县', 191, 255),
(200, '娄烦县', 191, 255),
(201, '古交市', 191, 255),
(202, '大同市', 4, 255),
(203, '城区', 202, 255),
(204, '矿区', 202, 255),
(205, '南郊区', 202, 255),
(206, '新荣区', 202, 255),
(207, '阳高县', 202, 255),
(208, '天镇县', 202, 255),
(209, '广灵县', 202, 255),
(210, '灵丘县', 202, 255),
(211, '浑源县', 202, 255),
(212, '左云县', 202, 255),
(213, '大同县', 202, 255),
(214, '阳泉市', 4, 255),
(215, '城区', 214, 255),
(216, '矿区', 214, 255),
(217, '郊区', 214, 255),
(218, '平定县', 214, 255),
(219, '盂县', 214, 255),
(220, '长治市', 4, 255),
(221, '城区', 220, 255),
(222, '郊区', 220, 255),
(223, '长治县', 220, 255),
(224, '襄垣县', 220, 255),
(225, '屯留县', 220, 255),
(226, '平顺县', 220, 255),
(227, '黎城县', 220, 255),
(228, '壶关县', 220, 255),
(229, '长子县', 220, 255),
(230, '武乡县', 220, 255),
(231, '沁县', 220, 255),
(232, '沁源县', 220, 255),
(233, '潞城市', 220, 255),
(234, '晋城市', 4, 255),
(235, '城区', 234, 255),
(236, '沁水县', 234, 255),
(237, '阳城县', 234, 255),
(238, '陵川县', 234, 255),
(239, '泽州县', 234, 255),
(240, '高平市', 234, 255),
(241, '朔州市', 4, 255),
(242, '朔城区', 241, 255),
(243, '平鲁区', 241, 255),
(244, '山阴县', 241, 255),
(245, '应县', 241, 255),
(246, '右玉县', 241, 255),
(247, '怀仁县', 241, 255),
(248, '晋中市', 4, 255),
(249, '榆次区', 248, 255),
(250, '榆社县', 248, 255),
(251, '左权县', 248, 255),
(252, '和顺县', 248, 255),
(253, '昔阳县', 248, 255),
(254, '寿阳县', 248, 255),
(255, '太谷县', 248, 255),
(256, '祁县', 248, 255),
(257, '平遥县', 248, 255),
(258, '灵石县', 248, 255),
(259, '介休市', 248, 255),
(260, '运城市', 4, 255),
(261, '盐湖区', 260, 255),
(262, '临猗县', 260, 255),
(263, '万荣县', 260, 255),
(264, '闻喜县', 260, 255),
(265, '稷山县', 260, 255),
(266, '新绛县', 260, 255),
(267, '绛县', 260, 255),
(268, '垣曲县', 260, 255),
(269, '夏县', 260, 255),
(270, '平陆县', 260, 255),
(271, '芮城县', 260, 255),
(272, '永济市', 260, 255),
(273, '河津市', 260, 255),
(274, '忻州市', 4, 255),
(275, '忻府区', 274, 255),
(276, '定襄县', 274, 255),
(277, '五台县', 274, 255),
(278, '代县', 274, 255),
(279, '繁峙县', 274, 255),
(280, '宁武县', 274, 255),
(281, '静乐县', 274, 255),
(282, '神池县', 274, 255),
(283, '五寨县', 274, 255),
(284, '岢岚县', 274, 255),
(285, '河曲县', 274, 255),
(286, '保德县', 274, 255),
(287, '偏关县', 274, 255),
(288, '原平市', 274, 255),
(289, '临汾市', 4, 255),
(290, '尧都区', 289, 255),
(291, '曲沃县', 289, 255),
(292, '翼城县', 289, 255),
(293, '襄汾县', 289, 255),
(294, '洪洞县', 289, 255),
(295, '古县', 289, 255),
(296, '安泽县', 289, 255),
(297, '浮山县', 289, 255),
(298, '吉县', 289, 255),
(299, '乡宁县', 289, 255),
(300, '大宁县', 289, 255),
(301, '隰县', 289, 255),
(302, '永和县', 289, 255),
(303, '蒲县', 289, 255),
(304, '汾西县', 289, 255),
(305, '侯马市', 289, 255),
(306, '霍州市', 289, 255),
(307, '吕梁市', 4, 255),
(308, '离石区', 307, 255),
(309, '文水县', 307, 255),
(310, '交城县', 307, 255),
(311, '兴县', 307, 255),
(312, '临县', 307, 255),
(313, '柳林县', 307, 255),
(314, '石楼县', 307, 255),
(315, '岚县', 307, 255),
(316, '方山县', 307, 255),
(317, '中阳县', 307, 255),
(318, '交口县', 307, 255),
(319, '孝义市', 307, 255),
(320, '汾阳市', 307, 255),
(321, '呼和浩特市', 5, 255),
(322, '新城区', 321, 255),
(323, '回民区', 321, 255),
(324, '玉泉区', 321, 255),
(325, '赛罕区', 321, 255),
(326, '土默特左旗', 321, 255),
(327, '托克托县', 321, 255),
(328, '和林格尔县', 321, 255),
(329, '清水河县', 321, 255),
(330, '武川县', 321, 255),
(331, '包头市', 5, 255),
(332, '东河区', 331, 255),
(333, '昆都仑区', 331, 255),
(334, '青山区', 331, 255),
(335, '石拐区', 331, 255),
(336, '白云鄂博矿区', 331, 255),
(337, '九原区', 331, 255),
(338, '土默特右旗', 331, 255),
(339, '固阳县', 331, 255),
(340, '达尔罕茂明安联合旗', 331, 255),
(341, '乌海市', 5, 255),
(342, '海勃湾区', 341, 255),
(343, '海南区', 341, 255),
(344, '乌达区', 341, 255),
(345, '赤峰市', 5, 255),
(346, '红山区', 345, 255),
(347, '元宝山区', 345, 255),
(348, '松山区', 345, 255),
(349, '阿鲁科尔沁旗', 345, 255),
(350, '巴林左旗', 345, 255),
(351, '巴林右旗', 345, 255),
(352, '林西县', 345, 255),
(353, '克什克腾旗', 345, 255),
(354, '翁牛特旗', 345, 255),
(355, '喀喇沁旗', 345, 255),
(356, '宁城县', 345, 255),
(357, '敖汉旗', 345, 255),
(358, '通辽市', 5, 255),
(359, '科尔沁区', 358, 255),
(360, '科尔沁左翼中旗', 358, 255),
(361, '科尔沁左翼后旗', 358, 255),
(362, '开鲁县', 358, 255),
(363, '库伦旗', 358, 255),
(364, '奈曼旗', 358, 255),
(365, '扎鲁特旗', 358, 255),
(366, '霍林郭勒市', 358, 255),
(367, '鄂尔多斯市', 5, 255),
(368, '东胜区', 367, 255),
(369, '达拉特旗', 367, 255),
(370, '准格尔旗', 367, 255),
(371, '鄂托克前旗', 367, 255),
(372, '鄂托克旗', 367, 255),
(373, '杭锦旗', 367, 255),
(374, '乌审旗', 367, 255),
(375, '伊金霍洛旗', 367, 255),
(376, '呼伦贝尔市', 5, 255),
(377, '海拉尔区', 376, 255),
(378, '阿荣旗', 376, 255),
(379, '莫力达瓦达斡尔族自治旗', 376, 255),
(380, '鄂伦春自治旗', 376, 255),
(381, '鄂温克族自治旗', 376, 255),
(382, '陈巴尔虎旗', 376, 255),
(383, '新巴尔虎左旗', 376, 255),
(384, '新巴尔虎右旗', 376, 255),
(385, '满洲里市', 376, 255),
(386, '牙克石市', 376, 255),
(387, '扎兰屯市', 376, 255),
(388, '额尔古纳市', 376, 255),
(389, '根河市', 376, 255),
(390, '巴彦淖尔市', 5, 255),
(391, '临河区', 390, 255),
(392, '五原县', 390, 255),
(393, '磴口县', 390, 255),
(394, '乌拉特前旗', 390, 255),
(395, '乌拉特中旗', 390, 255),
(396, '乌拉特后旗', 390, 255),
(397, '杭锦后旗', 390, 255),
(398, '乌兰察布市', 5, 255),
(399, '集宁区', 398, 255),
(400, '卓资县', 398, 255),
(401, '化德县', 398, 255),
(402, '商都县', 398, 255),
(403, '兴和县', 398, 255),
(404, '凉城县', 398, 255),
(405, '察哈尔右翼前旗', 398, 255),
(406, '察哈尔右翼中旗', 398, 255),
(407, '察哈尔右翼后旗', 398, 255),
(408, '四子王旗', 398, 255),
(409, '丰镇市', 398, 255),
(410, '兴安盟', 5, 255),
(411, '乌兰浩特市', 410, 255),
(412, '阿尔山市', 410, 255),
(413, '科尔沁右翼前旗', 410, 255),
(414, '科尔沁右翼中旗', 410, 255),
(415, '扎赉特旗', 410, 255),
(416, '突泉县', 410, 255),
(417, '锡林郭勒盟', 5, 255),
(418, '二连浩特市', 417, 255),
(419, '锡林浩特市', 417, 255),
(420, '阿巴嘎旗', 417, 255),
(421, '苏尼特左旗', 417, 255),
(422, '苏尼特右旗', 417, 255),
(423, '东乌珠穆沁旗', 417, 255),
(424, '西乌珠穆沁旗', 417, 255),
(425, '太仆寺旗', 417, 255),
(426, '镶黄旗', 417, 255),
(427, '正镶白旗', 417, 255),
(428, '正蓝旗', 417, 255),
(429, '多伦县', 417, 255),
(430, '阿拉善盟', 5, 255),
(431, '阿拉善左旗', 430, 255),
(432, '阿拉善右旗', 430, 255),
(433, '额济纳旗', 430, 255),
(434, '沈阳市', 6, 255),
(435, '和平区', 434, 255),
(436, '沈河区', 434, 255),
(437, '大东区', 434, 255),
(438, '皇姑区', 434, 255),
(439, '铁西区', 434, 255),
(440, '苏家屯区', 434, 255),
(441, '东陵区', 434, 255),
(442, '沈北新区', 434, 255),
(443, '于洪区', 434, 255),
(444, '辽中县', 434, 255),
(445, '康平县', 434, 255),
(446, '法库县', 434, 255),
(447, '新民市', 434, 255),
(448, '大连市', 6, 255),
(449, '中山区', 448, 255),
(450, '西岗区', 448, 255),
(451, '沙河口区', 448, 255),
(452, '甘井子区', 448, 255),
(453, '旅顺口区', 448, 255),
(454, '金州区', 448, 255),
(455, '长海县', 448, 255),
(456, '瓦房店市', 448, 255),
(457, '普兰店市', 448, 255),
(458, '庄河市', 448, 255),
(459, '鞍山市', 6, 255),
(460, '铁东区', 459, 255),
(461, '铁西区', 459, 255),
(462, '立山区', 459, 255),
(463, '千山区', 459, 255),
(464, '台安县', 459, 255),
(465, '岫岩满族自治县', 459, 255),
(466, '海城市', 459, 255),
(467, '抚顺市', 6, 255),
(468, '新抚区', 467, 255),
(469, '东洲区', 467, 255),
(470, '望花区', 467, 255),
(471, '顺城区', 467, 255),
(472, '抚顺县', 467, 255),
(473, '新宾满族自治县', 467, 255),
(474, '清原满族自治县', 467, 255),
(475, '本溪市', 6, 255),
(476, '平山区', 475, 255),
(477, '溪湖区', 475, 255),
(478, '明山区', 475, 255),
(479, '南芬区', 475, 255),
(480, '本溪满族自治县', 475, 255),
(481, '桓仁满族自治县', 475, 255),
(482, '丹东市', 6, 255),
(483, '元宝区', 482, 255),
(484, '振兴区', 482, 255),
(485, '振安区', 482, 255),
(486, '宽甸满族自治县', 482, 255),
(487, '东港市', 482, 255),
(488, '凤城市', 482, 255),
(489, '锦州市', 6, 255),
(490, '古塔区', 489, 255),
(491, '凌河区', 489, 255),
(492, '太和区', 489, 255),
(493, '黑山县', 489, 255),
(494, '义县', 489, 255),
(495, '凌海市', 489, 255),
(496, '北镇市', 489, 255),
(497, '营口市', 6, 255),
(498, '站前区', 497, 255),
(499, '西市区', 497, 255),
(500, '鲅鱼圈区', 497, 255),
(501, '老边区', 497, 255),
(502, '盖州市', 497, 255),
(503, '大石桥市', 497, 255),
(504, '阜新市', 6, 255),
(505, '海州区', 504, 255),
(506, '新邱区', 504, 255),
(507, '太平区', 504, 255),
(508, '清河门区', 504, 255),
(509, '细河区', 504, 255),
(510, '阜新蒙古族自治县', 504, 255),
(511, '彰武县', 504, 255),
(512, '辽阳市', 6, 255),
(513, '白塔区', 512, 255),
(514, '文圣区', 512, 255),
(515, '宏伟区', 512, 255),
(516, '弓长岭区', 512, 255),
(517, '太子河区', 512, 255),
(518, '辽阳县', 512, 255),
(519, '灯塔市', 512, 255),
(520, '盘锦市', 6, 255),
(521, '双台子区', 520, 255),
(522, '兴隆台区', 520, 255),
(523, '大洼县', 520, 255),
(524, '盘山县', 520, 255),
(525, '铁岭市', 6, 255),
(526, '银州区', 525, 255),
(527, '清河区', 525, 255),
(528, '铁岭县', 525, 255),
(529, '西丰县', 525, 255),
(530, '昌图县', 525, 255),
(531, '调兵山市', 525, 255),
(532, '开原市', 525, 255),
(533, '朝阳市', 6, 255),
(534, '双塔区', 533, 255),
(535, '龙城区', 533, 255),
(536, '朝阳县', 533, 255),
(537, '建平县', 533, 255),
(538, '喀喇沁左翼蒙古族自治县', 533, 255),
(539, '北票市', 533, 255),
(540, '凌源市', 533, 255),
(541, '葫芦岛市', 6, 255),
(542, '连山区', 541, 255),
(543, '龙港区', 541, 255),
(544, '南票区', 541, 255),
(545, '绥中县', 541, 255),
(546, '建昌县', 541, 255),
(547, '兴城市', 541, 255),
(548, '长春市', 7, 255),
(549, '南关区', 548, 255),
(550, '宽城区', 548, 255),
(551, '朝阳区', 548, 255),
(552, '二道区', 548, 255),
(553, '绿园区', 548, 255),
(554, '双阳区', 548, 255),
(555, '农安县', 548, 255),
(556, '九台市', 548, 255),
(557, '榆树市', 548, 255),
(558, '德惠市', 548, 255),
(559, '吉林市', 7, 255),
(560, '昌邑区', 559, 255),
(561, '龙潭区', 559, 255),
(562, '船营区', 559, 255),
(563, '丰满区', 559, 255),
(564, '永吉县', 559, 255),
(565, '蛟河市', 559, 255),
(566, '桦甸市', 559, 255),
(567, '舒兰市', 559, 255),
(568, '磐石市', 559, 255),
(569, '四平市', 7, 255),
(570, '铁西区', 569, 255),
(571, '铁东区', 569, 255),
(572, '梨树县', 569, 255),
(573, '伊通满族自治县', 569, 255),
(574, '公主岭市', 569, 255),
(575, '双辽市', 569, 255),
(576, '辽源市', 7, 255),
(577, '龙山区', 576, 255),
(578, '西安区', 576, 255),
(579, '东丰县', 576, 255),
(580, '东辽县', 576, 255),
(581, '通化市', 7, 255),
(582, '东昌区', 581, 255),
(583, '二道江区', 581, 255),
(584, '通化县', 581, 255),
(585, '辉南县', 581, 255),
(586, '柳河县', 581, 255),
(587, '梅河口市', 581, 255),
(588, '集安市', 581, 255),
(589, '白山市', 7, 255),
(590, '八道江区', 589, 255),
(591, '江源区', 589, 255),
(592, '抚松县', 589, 255),
(593, '靖宇县', 589, 255),
(594, '长白朝鲜族自治县', 589, 255),
(595, '临江市', 589, 255),
(596, '松原市', 7, 255),
(597, '宁江区', 596, 255),
(598, '前郭尔罗斯蒙古族自治县', 596, 255),
(599, '长岭县', 596, 255),
(600, '乾安县', 596, 255),
(601, '扶余县', 596, 255),
(602, '白城市', 7, 255),
(603, '洮北区', 602, 255),
(604, '镇赉县', 602, 255),
(605, '通榆县', 602, 255),
(606, '洮南市', 602, 255),
(607, '大安市', 602, 255),
(608, '延边朝鲜族自治州', 7, 255),
(609, '延吉市', 608, 255),
(610, '图们市', 608, 255),
(611, '敦化市', 608, 255),
(612, '珲春市', 608, 255),
(613, '龙井市', 608, 255),
(614, '和龙市', 608, 255),
(615, '汪清县', 608, 255),
(616, '安图县', 608, 255),
(617, '哈尔滨市', 8, 255),
(618, '道里区', 617, 255),
(619, '南岗区', 617, 255),
(620, '道外区', 617, 255),
(621, '平房区', 617, 255),
(622, '松北区', 617, 255),
(623, '香坊区', 617, 255),
(624, '呼兰区', 617, 255),
(625, '阿城区', 617, 255),
(626, '依兰县', 617, 255),
(627, '方正县', 617, 255),
(628, '宾县', 617, 255),
(629, '巴彦县', 617, 255),
(630, '木兰县', 617, 255),
(631, '通河县', 617, 255),
(632, '延寿县', 617, 255),
(633, '双城市', 617, 255),
(634, '尚志市', 617, 255),
(635, '五常市', 617, 255),
(636, '齐齐哈尔市', 8, 255),
(637, '龙沙区', 636, 255),
(638, '建华区', 636, 255),
(639, '铁锋区', 636, 255),
(640, '昂昂溪区', 636, 255),
(641, '富拉尔基区', 636, 255),
(642, '碾子山区', 636, 255),
(643, '梅里斯达斡尔族区', 636, 255),
(644, '龙江县', 636, 255),
(645, '依安县', 636, 255),
(646, '泰来县', 636, 255),
(647, '甘南县', 636, 255),
(648, '富裕县', 636, 255),
(649, '克山县', 636, 255),
(650, '克东县', 636, 255),
(651, '拜泉县', 636, 255),
(652, '讷河市', 636, 255),
(653, '鸡西市', 8, 255),
(654, '鸡冠区', 653, 255),
(655, '恒山区', 653, 255),
(656, '滴道区', 653, 255),
(657, '梨树区', 653, 255),
(658, '城子河区', 653, 255),
(659, '麻山区', 653, 255),
(660, '鸡东县', 653, 255),
(661, '虎林市', 653, 255),
(662, '密山市', 653, 255),
(663, '鹤岗市', 8, 255),
(664, '向阳区', 663, 255),
(665, '工农区', 663, 255),
(666, '南山区', 663, 255),
(667, '兴安区', 663, 255),
(668, '东山区', 663, 255),
(669, '兴山区', 663, 255),
(670, '萝北县', 663, 255),
(671, '绥滨县', 663, 255),
(672, '双鸭山市', 8, 255),
(673, '尖山区', 672, 255),
(674, '岭东区', 672, 255),
(675, '四方台区', 672, 255),
(676, '宝山区', 672, 255),
(677, '集贤县', 672, 255),
(678, '友谊县', 672, 255),
(679, '宝清县', 672, 255),
(680, '饶河县', 672, 255),
(681, '大庆市', 8, 255),
(682, '萨尔图区', 681, 255),
(683, '龙凤区', 681, 255),
(684, '让胡路区', 681, 255),
(685, '红岗区', 681, 255),
(686, '大同区', 681, 255),
(687, '肇州县', 681, 255),
(688, '肇源县', 681, 255),
(689, '林甸县', 681, 255),
(690, '杜尔伯特蒙古族自治县', 681, 255),
(691, '伊春市', 8, 255),
(692, '伊春区', 691, 255),
(693, '南岔区', 691, 255),
(694, '友好区', 691, 255),
(695, '西林区', 691, 255),
(696, '翠峦区', 691, 255),
(697, '新青区', 691, 255),
(698, '美溪区', 691, 255),
(699, '金山屯区', 691, 255),
(700, '五营区', 691, 255),
(701, '乌马河区', 691, 255),
(702, '汤旺河区', 691, 255),
(703, '带岭区', 691, 255),
(704, '乌伊岭区', 691, 255),
(705, '红星区', 691, 255),
(706, '上甘岭区', 691, 255),
(707, '嘉荫县', 691, 255),
(708, '铁力市', 691, 255),
(709, '佳木斯市', 8, 255),
(710, '向阳区', 709, 255),
(711, '前进区', 709, 255),
(712, '东风区', 709, 255),
(713, '郊区', 709, 255),
(714, '桦南县', 709, 255),
(715, '桦川县', 709, 255),
(716, '汤原县', 709, 255),
(717, '抚远县', 709, 255),
(718, '同江市', 709, 255),
(719, '富锦市', 709, 255),
(720, '七台河市', 8, 255),
(721, '新兴区', 720, 255),
(722, '桃山区', 720, 255),
(723, '茄子河区', 720, 255),
(724, '勃利县', 720, 255),
(725, '牡丹江市', 8, 255),
(726, '东安区', 725, 255),
(727, '阳明区', 725, 255),
(728, '爱民区', 725, 255),
(729, '西安区', 725, 255),
(730, '东宁县', 725, 255),
(731, '林口县', 725, 255),
(732, '绥芬河市', 725, 255),
(733, '海林市', 725, 255),
(734, '宁安市', 725, 255),
(735, '穆棱市', 725, 255),
(736, '黑河市', 8, 255),
(737, '爱辉区', 736, 255),
(738, '嫩江县', 736, 255),
(739, '逊克县', 736, 255),
(740, '孙吴县', 736, 255),
(741, '北安市', 736, 255),
(742, '五大连池市', 736, 255),
(743, '绥化市', 8, 255),
(744, '北林区', 743, 255),
(745, '望奎县', 743, 255),
(746, '兰西县', 743, 255),
(747, '青冈县', 743, 255),
(748, '庆安县', 743, 255),
(749, '明水县', 743, 255),
(750, '绥棱县', 743, 255),
(751, '安达市', 743, 255),
(752, '肇东市', 743, 255),
(753, '海伦市', 743, 255),
(754, '大兴安岭地区', 8, 255),
(755, '呼玛县', 754, 255),
(756, '塔河县', 754, 255),
(757, '漠河县', 754, 255),
(758, '上海市', 9, 255),
(759, '黄浦区', 9, 255),
(760, '卢湾区', 9, 255),
(761, '徐汇区', 9, 255),
(762, '长宁区', 9, 255),
(763, '静安区', 9, 255),
(764, '普陀区', 9, 255),
(765, '闸北区', 9, 255),
(766, '虹口区', 9, 255),
(767, '杨浦区', 9, 255),
(768, '闵行区', 9, 255),
(769, '宝山区', 9, 255),
(770, '嘉定区', 9, 255),
(771, '浦东新区', 9, 255),
(772, '金山区', 9, 255),
(773, '松江区', 9, 255),
(774, '青浦区', 9, 255),
(775, '奉贤区', 9, 255),
(776, '崇明县', 9, 255),
(777, '南京市', 10, 255),
(778, '玄武区', 777, 255),
(779, '白下区', 777, 255),
(780, '秦淮区', 777, 255),
(781, '建邺区', 777, 255),
(782, '鼓楼区', 777, 255),
(783, '下关区', 777, 255),
(784, '浦口区', 777, 255),
(785, '栖霞区', 777, 255),
(786, '雨花台区', 777, 255),
(787, '江宁区', 777, 255),
(788, '六合区', 777, 255),
(789, '溧水县', 777, 255),
(790, '高淳县', 777, 255),
(791, '无锡市', 10, 255),
(792, '崇安区', 791, 255),
(793, '南长区', 791, 255),
(794, '北塘区', 791, 255),
(795, '锡山区', 791, 255),
(796, '惠山区', 791, 255),
(797, '滨湖区', 791, 255),
(798, '江阴市', 791, 255),
(799, '宜兴市', 791, 255),
(800, '徐州市', 10, 255),
(801, '鼓楼区', 800, 255),
(802, '云龙区', 800, 255),
(803, '九里区', 800, 255),
(804, '贾汪区', 800, 255),
(805, '泉山区', 800, 255),
(806, '丰县', 800, 255),
(807, '沛县', 800, 255),
(808, '铜山县', 800, 255),
(809, '睢宁县', 800, 255),
(810, '新沂市', 800, 255),
(811, '邳州市', 800, 255),
(812, '常州市', 10, 255),
(813, '天宁区', 812, 255),
(814, '钟楼区', 812, 255),
(815, '戚墅堰区', 812, 255),
(816, '新北区', 812, 255),
(817, '武进区', 812, 255),
(818, '溧阳市', 812, 255),
(819, '金坛市', 812, 255),
(820, '苏州市', 10, 255),
(821, '沧浪区', 820, 255),
(822, '平江区', 820, 255),
(823, '金阊区', 820, 255),
(824, '虎丘区', 820, 255),
(825, '吴中区', 820, 255),
(826, '相城区', 820, 255),
(827, '常熟市', 820, 255),
(828, '张家港市', 820, 255),
(829, '昆山市', 820, 255),
(830, '吴江市', 820, 255),
(831, '太仓市', 820, 255),
(832, '南通市', 10, 255),
(833, '崇川区', 832, 255),
(834, '港闸区', 832, 255),
(835, '通州区', 832, 255),
(836, '海安县', 832, 255),
(837, '如东县', 832, 255),
(838, '启东市', 832, 255),
(839, '如皋市', 832, 255),
(840, '海门市', 832, 255),
(841, '连云港市', 10, 255),
(842, '连云区', 841, 255),
(843, '新浦区', 841, 255),
(844, '海州区', 841, 255),
(845, '赣榆县', 841, 255),
(846, '东海县', 841, 255),
(847, '灌云县', 841, 255),
(848, '灌南县', 841, 255),
(849, '淮安市', 10, 255),
(850, '清河区', 849, 255),
(851, '楚州区', 849, 255),
(852, '淮阴区', 849, 255),
(853, '清浦区', 849, 255),
(854, '涟水县', 849, 255),
(855, '洪泽县', 849, 255),
(856, '盱眙县', 849, 255),
(857, '金湖县', 849, 255),
(858, '盐城市', 10, 255),
(859, '亭湖区', 858, 255),
(860, '盐都区', 858, 255),
(861, '响水县', 858, 255),
(862, '滨海县', 858, 255),
(863, '阜宁县', 858, 255),
(864, '射阳县', 858, 255),
(865, '建湖县', 858, 255),
(866, '东台市', 858, 255),
(867, '大丰市', 858, 255),
(868, '扬州市', 10, 255),
(869, '广陵区', 868, 255),
(870, '邗江区', 868, 255),
(871, '维扬区', 868, 255),
(872, '宝应县', 868, 255),
(873, '仪征市', 868, 255),
(874, '高邮市', 868, 255),
(875, '江都市', 868, 255),
(876, '镇江市', 10, 255),
(877, '京口区', 876, 255),
(878, '润州区', 876, 255),
(879, '丹徒区', 876, 255),
(880, '丹阳市', 876, 255),
(881, '扬中市', 876, 255),
(882, '句容市', 876, 255),
(883, '泰州市', 10, 255),
(884, '海陵区', 883, 255),
(885, '高港区', 883, 255),
(886, '兴化市', 883, 255),
(887, '靖江市', 883, 255),
(888, '泰兴市', 883, 255),
(889, '姜堰市', 883, 255),
(890, '宿迁市', 10, 255),
(891, '宿城区', 890, 255),
(892, '宿豫区', 890, 255),
(893, '沭阳县', 890, 255),
(894, '泗阳县', 890, 255),
(895, '泗洪县', 890, 255),
(896, '杭州市', 11, 255),
(897, '上城区', 896, 255),
(898, '下城区', 896, 255),
(899, '江干区', 896, 255),
(900, '拱墅区', 896, 255),
(901, '西湖区', 896, 255),
(902, '滨江区', 896, 255),
(903, '萧山区', 896, 255),
(904, '余杭区', 896, 255),
(905, '桐庐县', 896, 255),
(906, '淳安县', 896, 255),
(907, '建德市', 896, 255),
(908, '富阳市', 896, 255),
(909, '临安市', 896, 255),
(910, '宁波市', 11, 255),
(911, '海曙区', 910, 255),
(912, '江东区', 910, 255),
(913, '江北区', 910, 255),
(914, '北仑区', 910, 255),
(915, '镇海区', 910, 255),
(916, '鄞州区', 910, 255),
(917, '象山县', 910, 255),
(918, '宁海县', 910, 255),
(919, '余姚市', 910, 255),
(920, '慈溪市', 910, 255),
(921, '奉化市', 910, 255),
(922, '温州市', 11, 255),
(923, '鹿城区', 922, 255),
(924, '龙湾区', 922, 255),
(925, '瓯海区', 922, 255),
(926, '洞头县', 922, 255),
(927, '永嘉县', 922, 255),
(928, '平阳县', 922, 255),
(929, '苍南县', 922, 255),
(930, '文成县', 922, 255),
(931, '泰顺县', 922, 255),
(932, '瑞安市', 922, 255),
(933, '乐清市', 922, 255),
(934, '嘉兴市', 11, 255),
(935, '南湖区', 934, 255),
(936, '秀洲区', 934, 255),
(937, '嘉善县', 934, 255),
(938, '海盐县', 934, 255),
(939, '海宁市', 934, 255),
(940, '平湖市', 934, 255),
(941, '桐乡市', 934, 255),
(942, '湖州市', 11, 255),
(943, '吴兴区', 942, 255),
(944, '南浔区', 942, 255),
(945, '德清县', 942, 255),
(946, '长兴县', 942, 255),
(947, '安吉县', 942, 255),
(948, '绍兴市', 11, 255),
(949, '越城区', 948, 255),
(950, '绍兴县', 948, 255),
(951, '新昌县', 948, 255),
(952, '诸暨市', 948, 255),
(953, '上虞市', 948, 255),
(954, '嵊州市', 948, 255),
(955, '金华市', 11, 255),
(956, '婺城区', 955, 255),
(957, '金东区', 955, 255),
(958, '武义县', 955, 255),
(959, '浦江县', 955, 255),
(960, '磐安县', 955, 255),
(961, '兰溪市', 955, 255),
(962, '义乌市', 955, 255),
(963, '东阳市', 955, 255),
(964, '永康市', 955, 255),
(965, '衢州市', 11, 255),
(966, '柯城区', 965, 255),
(967, '衢江区', 965, 255),
(968, '常山县', 965, 255),
(969, '开化县', 965, 255),
(970, '龙游县', 965, 255),
(971, '江山市', 965, 255),
(972, '舟山市', 11, 255),
(973, '定海区', 972, 255),
(974, '普陀区', 972, 255),
(975, '岱山县', 972, 255),
(976, '嵊泗县', 972, 255),
(977, '台州市', 11, 255),
(978, '椒江区', 977, 255),
(979, '黄岩区', 977, 255),
(980, '路桥区', 977, 255),
(981, '玉环县', 977, 255),
(982, '三门县', 977, 255),
(983, '天台县', 977, 255),
(984, '仙居县', 977, 255),
(985, '温岭市', 977, 255),
(986, '临海市', 977, 255),
(987, '丽水市', 11, 255),
(988, '莲都区', 987, 255),
(989, '青田县', 987, 255),
(990, '缙云县', 987, 255),
(991, '遂昌县', 987, 255),
(992, '松阳县', 987, 255),
(993, '云和县', 987, 255),
(994, '庆元县', 987, 255),
(995, '景宁畲族自治县', 987, 255),
(996, '龙泉市', 987, 255),
(997, '合肥市', 12, 255),
(998, '瑶海区', 997, 255),
(999, '庐阳区', 997, 255),
(1000, '蜀山区', 997, 255),
(1001, '包河区', 997, 255),
(1002, '长丰县', 997, 255),
(1003, '肥东县', 997, 255),
(1004, '肥西县', 997, 255),
(1005, '芜湖市', 12, 255),
(1006, '镜湖区', 1005, 255),
(1007, '弋江区', 1005, 255),
(1008, '鸠江区', 1005, 255),
(1009, '三山区', 1005, 255),
(1010, '芜湖县', 1005, 255),
(1011, '繁昌县', 1005, 255),
(1012, '南陵县', 1005, 255),
(1013, '蚌埠市', 12, 255),
(1014, '龙子湖区', 1013, 255),
(1015, '蚌山区', 1013, 255),
(1016, '禹会区', 1013, 255),
(1017, '淮上区', 1013, 255),
(1018, '怀远县', 1013, 255),
(1019, '五河县', 1013, 255),
(1020, '固镇县', 1013, 255),
(1021, '淮南市', 12, 255),
(1022, '大通区', 1021, 255),
(1023, '田家庵区', 1021, 255),
(1024, '谢家集区', 1021, 255),
(1025, '八公山区', 1021, 255),
(1026, '潘集区', 1021, 255),
(1027, '凤台县', 1021, 255),
(1028, '马鞍山市', 12, 255),
(1029, '金家庄区', 1028, 255),
(1030, '花山区', 1028, 255),
(1031, '雨山区', 1028, 255),
(1032, '当涂县', 1028, 255),
(1033, '淮北市', 12, 255),
(1034, '杜集区', 1033, 255),
(1035, '相山区', 1033, 255),
(1036, '烈山区', 1033, 255),
(1037, '濉溪县', 1033, 255),
(1038, '铜陵市', 12, 255),
(1039, '铜官山区', 1038, 255),
(1040, '狮子山区', 1038, 255),
(1041, '郊区', 1038, 255),
(1042, '铜陵县', 1038, 255),
(1043, '安庆市', 12, 255),
(1044, '迎江区', 1043, 255),
(1045, '大观区', 1043, 255),
(1046, '宜秀区', 1043, 255),
(1047, '怀宁县', 1043, 255),
(1048, '枞阳县', 1043, 255),
(1049, '潜山县', 1043, 255),
(1050, '太湖县', 1043, 255),
(1051, '宿松县', 1043, 255),
(1052, '望江县', 1043, 255),
(1053, '岳西县', 1043, 255),
(1054, '桐城市', 1043, 255),
(1055, '黄山市', 12, 255),
(1056, '屯溪区', 1055, 255),
(1057, '黄山区', 1055, 255),
(1058, '徽州区', 1055, 255),
(1059, '歙县', 1055, 255),
(1060, '休宁县', 1055, 255),
(1061, '黟县', 1055, 255),
(1062, '祁门县', 1055, 255),
(1063, '滁州市', 12, 255),
(1064, '琅琊区', 1063, 255),
(1065, '南谯区', 1063, 255),
(1066, '来安县', 1063, 255),
(1067, '全椒县', 1063, 255),
(1068, '定远县', 1063, 255),
(1069, '凤阳县', 1063, 255),
(1070, '天长市', 1063, 255),
(1071, '明光市', 1063, 255),
(1072, '阜阳市', 12, 255),
(1073, '颍州区', 1072, 255),
(1074, '颍东区', 1072, 255),
(1075, '颍泉区', 1072, 255),
(1076, '临泉县', 1072, 255),
(1077, '太和县', 1072, 255),
(1078, '阜南县', 1072, 255),
(1079, '颍上县', 1072, 255),
(1080, '界首市', 1072, 255),
(1081, '宿州市', 12, 255),
(1082, '埇桥区', 1081, 255),
(1083, '砀山县', 1081, 255),
(1084, '萧县', 1081, 255),
(1085, '灵璧县', 1081, 255),
(1086, '泗县', 1081, 255),
(1087, '巢湖市', 12, 255),
(1088, '居巢区', 1087, 255),
(1089, '庐江县', 1087, 255),
(1090, '无为县', 1087, 255),
(1091, '含山县', 1087, 255),
(1092, '和县', 1087, 255),
(1093, '六安市', 12, 255),
(1094, '金安区', 1093, 255),
(1095, '裕安区', 1093, 255),
(1096, '寿县', 1093, 255),
(1097, '霍邱县', 1093, 255),
(1098, '舒城县', 1093, 255),
(1099, '金寨县', 1093, 255),
(1100, '霍山县', 1093, 255),
(1101, '亳州市', 12, 255),
(1102, '谯城区', 1101, 255),
(1103, '涡阳县', 1101, 255),
(1104, '蒙城县', 1101, 255),
(1105, '利辛县', 1101, 255),
(1106, '池州市', 12, 255),
(1107, '贵池区', 1106, 255),
(1108, '东至县', 1106, 255),
(1109, '石台县', 1106, 255),
(1110, '青阳县', 1106, 255),
(1111, '宣城市', 12, 255),
(1112, '宣州区', 1111, 255),
(1113, '郎溪县', 1111, 255),
(1114, '广德县', 1111, 255),
(1115, '泾县', 1111, 255),
(1116, '绩溪县', 1111, 255),
(1117, '旌德县', 1111, 255),
(1118, '宁国市', 1111, 255),
(1119, '福州市', 13, 255),
(1120, '鼓楼区', 1119, 255),
(1121, '台江区', 1119, 255),
(1122, '仓山区', 1119, 255),
(1123, '马尾区', 1119, 255),
(1124, '晋安区', 1119, 255),
(1125, '闽侯县', 1119, 255),
(1126, '连江县', 1119, 255),
(1127, '罗源县', 1119, 255),
(1128, '闽清县', 1119, 255),
(1129, '永泰县', 1119, 255),
(1130, '平潭县', 1119, 255),
(1131, '福清市', 1119, 255),
(1132, '长乐市', 1119, 255),
(1133, '厦门市', 13, 255),
(1134, '思明区', 1133, 255),
(1135, '海沧区', 1133, 255),
(1136, '湖里区', 1133, 255),
(1137, '集美区', 1133, 255),
(1138, '同安区', 1133, 255),
(1139, '翔安区', 1133, 255),
(1140, '莆田市', 13, 255),
(1141, '城厢区', 1140, 255),
(1142, '涵江区', 1140, 255),
(1143, '荔城区', 1140, 255),
(1144, '秀屿区', 1140, 255),
(1145, '仙游县', 1140, 255),
(1146, '三明市', 13, 255),
(1147, '梅列区', 1146, 255),
(1148, '三元区', 1146, 255),
(1149, '明溪县', 1146, 255),
(1150, '清流县', 1146, 255),
(1151, '宁化县', 1146, 255),
(1152, '大田县', 1146, 255),
(1153, '尤溪县', 1146, 255),
(1154, '沙县', 1146, 255),
(1155, '将乐县', 1146, 255),
(1156, '泰宁县', 1146, 255),
(1157, '建宁县', 1146, 255),
(1158, '永安市', 1146, 255),
(1159, '泉州市', 13, 255),
(1160, '鲤城区', 1159, 255),
(1161, '丰泽区', 1159, 255),
(1162, '洛江区', 1159, 255),
(1163, '泉港区', 1159, 255),
(1164, '惠安县', 1159, 255),
(1165, '安溪县', 1159, 255),
(1166, '永春县', 1159, 255),
(1167, '德化县', 1159, 255),
(1168, '金门县', 1159, 255),
(1169, '石狮市', 1159, 255),
(1170, '晋江市', 1159, 255),
(1171, '南安市', 1159, 255),
(1172, '漳州市', 13, 255),
(1173, '芗城区', 1172, 255),
(1174, '龙文区', 1172, 255),
(1175, '云霄县', 1172, 255),
(1176, '漳浦县', 1172, 255),
(1177, '诏安县', 1172, 255),
(1178, '长泰县', 1172, 255),
(1179, '东山县', 1172, 255),
(1180, '南靖县', 1172, 255),
(1181, '平和县', 1172, 255),
(1182, '华安县', 1172, 255),
(1183, '龙海市', 1172, 255),
(1184, '南平市', 13, 255),
(1185, '延平区', 1184, 255),
(1186, '顺昌县', 1184, 255),
(1187, '浦城县', 1184, 255),
(1188, '光泽县', 1184, 255),
(1189, '松溪县', 1184, 255),
(1190, '政和县', 1184, 255),
(1191, '邵武市', 1184, 255),
(1192, '武夷山市', 1184, 255),
(1193, '建瓯市', 1184, 255),
(1194, '建阳市', 1184, 255),
(1195, '龙岩市', 13, 255),
(1196, '新罗区', 1195, 255),
(1197, '长汀县', 1195, 255),
(1198, '永定县', 1195, 255),
(1199, '上杭县', 1195, 255),
(1200, '武平县', 1195, 255),
(1201, '连城县', 1195, 255),
(1202, '漳平市', 1195, 255),
(1203, '宁德市', 13, 255),
(1204, '蕉城区', 1203, 255),
(1205, '霞浦县', 1203, 255),
(1206, '古田县', 1203, 255),
(1207, '屏南县', 1203, 255),
(1208, '寿宁县', 1203, 255),
(1209, '周宁县', 1203, 255),
(1210, '柘荣县', 1203, 255),
(1211, '福安市', 1203, 255),
(1212, '福鼎市', 1203, 255),
(1213, '南昌市', 14, 255),
(1214, '东湖区', 1213, 255),
(1215, '西湖区', 1213, 255),
(1216, '青云谱区', 1213, 255),
(1217, '湾里区', 1213, 255),
(1218, '青山湖区', 1213, 255),
(1219, '南昌县', 1213, 255),
(1220, '新建县', 1213, 255),
(1221, '安义县', 1213, 255),
(1222, '进贤县', 1213, 255),
(1223, '景德镇市', 14, 255),
(1224, '昌江区', 1223, 255),
(1225, '珠山区', 1223, 255),
(1226, '浮梁县', 1223, 255),
(1227, '乐平市', 1223, 255),
(1228, '萍乡市', 14, 255),
(1229, '安源区', 1228, 255),
(1230, '湘东区', 1228, 255),
(1231, '莲花县', 1228, 255),
(1232, '上栗县', 1228, 255),
(1233, '芦溪县', 1228, 255),
(1234, '九江市', 14, 255),
(1235, '庐山区', 1234, 255),
(1236, '浔阳区', 1234, 255),
(1237, '九江县', 1234, 255),
(1238, '武宁县', 1234, 255),
(1239, '修水县', 1234, 255),
(1240, '永修县', 1234, 255),
(1241, '德安县', 1234, 255),
(1242, '星子县', 1234, 255),
(1243, '都昌县', 1234, 255),
(1244, '湖口县', 1234, 255),
(1245, '彭泽县', 1234, 255),
(1246, '瑞昌市', 1234, 255),
(1247, '新余市', 14, 255),
(1248, '渝水区', 1247, 255),
(1249, '分宜县', 1247, 255),
(1250, '鹰潭市', 14, 255),
(1251, '月湖区', 1250, 255),
(1252, '余江县', 1250, 255),
(1253, '贵溪市', 1250, 255),
(1254, '赣州市', 14, 255),
(1255, '章贡区', 1254, 255),
(1256, '赣县', 1254, 255),
(1257, '信丰县', 1254, 255),
(1258, '大余县', 1254, 255),
(1259, '上犹县', 1254, 255),
(1260, '崇义县', 1254, 255),
(1261, '安远县', 1254, 255),
(1262, '龙南县', 1254, 255),
(1263, '定南县', 1254, 255),
(1264, '全南县', 1254, 255),
(1265, '宁都县', 1254, 255),
(1266, '于都县', 1254, 255),
(1267, '兴国县', 1254, 255),
(1268, '会昌县', 1254, 255),
(1269, '寻乌县', 1254, 255),
(1270, '石城县', 1254, 255),
(1271, '瑞金市', 1254, 255),
(1272, '南康市', 1254, 255),
(1273, '吉安市', 14, 255),
(1274, '吉州区', 1273, 255),
(1275, '青原区', 1273, 255),
(1276, '吉安县', 1273, 255),
(1277, '吉水县', 1273, 255),
(1278, '峡江县', 1273, 255),
(1279, '新干县', 1273, 255),
(1280, '永丰县', 1273, 255),
(1281, '泰和县', 1273, 255),
(1282, '遂川县', 1273, 255),
(1283, '万安县', 1273, 255),
(1284, '安福县', 1273, 255),
(1285, '永新县', 1273, 255),
(1286, '井冈山市', 1273, 255),
(1287, '宜春市', 14, 255),
(1288, '袁州区', 1287, 255),
(1289, '奉新县', 1287, 255),
(1290, '万载县', 1287, 255),
(1291, '上高县', 1287, 255),
(1292, '宜丰县', 1287, 255),
(1293, '靖安县', 1287, 255),
(1294, '铜鼓县', 1287, 255),
(1295, '丰城市', 1287, 255),
(1296, '樟树市', 1287, 255),
(1297, '高安市', 1287, 255),
(1298, '抚州市', 14, 255),
(1299, '临川区', 1298, 255),
(1300, '南城县', 1298, 255),
(1301, '黎川县', 1298, 255),
(1302, '南丰县', 1298, 255),
(1303, '崇仁县', 1298, 255),
(1304, '乐安县', 1298, 255),
(1305, '宜黄县', 1298, 255),
(1306, '金溪县', 1298, 255),
(1307, '资溪县', 1298, 255),
(1308, '东乡县', 1298, 255),
(1309, '广昌县', 1298, 255),
(1310, '上饶市', 14, 255),
(1311, '信州区', 1310, 255),
(1312, '上饶县', 1310, 255),
(1313, '广丰县', 1310, 255),
(1314, '玉山县', 1310, 255),
(1315, '铅山县', 1310, 255),
(1316, '横峰县', 1310, 255),
(1317, '弋阳县', 1310, 255),
(1318, '余干县', 1310, 255),
(1319, '鄱阳县', 1310, 255),
(1320, '万年县', 1310, 255),
(1321, '婺源县', 1310, 255),
(1322, '德兴市', 1310, 255),
(1323, '济南市', 15, 255),
(1324, '历下区', 1323, 255),
(1325, '市中区', 1323, 255),
(1326, '槐荫区', 1323, 255),
(1327, '天桥区', 1323, 255),
(1328, '历城区', 1323, 255),
(1329, '长清区', 1323, 255),
(1330, '平阴县', 1323, 255),
(1331, '济阳县', 1323, 255),
(1332, '商河县', 1323, 255),
(1333, '章丘市', 1323, 255),
(1334, '青岛市', 15, 255),
(1335, '市南区', 1334, 255),
(1336, '市北区', 1334, 255),
(1337, '四方区', 1334, 255),
(1338, '黄岛区', 1334, 255),
(1339, '崂山区', 1334, 255),
(1340, '李沧区', 1334, 255),
(1341, '城阳区', 1334, 255),
(1342, '胶州市', 1334, 255),
(1343, '即墨市', 1334, 255),
(1344, '平度市', 1334, 255),
(1345, '胶南市', 1334, 255),
(1346, '莱西市', 1334, 255),
(1347, '淄博市', 15, 255),
(1348, '淄川区', 1347, 255),
(1349, '张店区', 1347, 255),
(1350, '博山区', 1347, 255),
(1351, '临淄区', 1347, 255),
(1352, '周村区', 1347, 255),
(1353, '桓台县', 1347, 255),
(1354, '高青县', 1347, 255),
(1355, '沂源县', 1347, 255),
(1356, '枣庄市', 15, 255),
(1357, '市中区', 1356, 255),
(1358, '薛城区', 1356, 255),
(1359, '峄城区', 1356, 255),
(1360, '台儿庄区', 1356, 255),
(1361, '山亭区', 1356, 255),
(1362, '滕州市', 1356, 255),
(1363, '东营市', 15, 255),
(1364, '东营区', 1363, 255),
(1365, '河口区', 1363, 255),
(1366, '垦利县', 1363, 255),
(1367, '利津县', 1363, 255),
(1368, '广饶县', 1363, 255),
(1369, '烟台市', 15, 255),
(1370, '芝罘区', 1369, 255),
(1371, '福山区', 1369, 255),
(1372, '牟平区', 1369, 255),
(1373, '莱山区', 1369, 255),
(1374, '长岛县', 1369, 255),
(1375, '龙口市', 1369, 255),
(1376, '莱阳市', 1369, 255),
(1377, '莱州市', 1369, 255),
(1378, '蓬莱市', 1369, 255),
(1379, '招远市', 1369, 255),
(1380, '栖霞市', 1369, 255),
(1381, '海阳市', 1369, 255),
(1382, '潍坊市', 15, 255),
(1383, '潍城区', 1382, 255),
(1384, '寒亭区', 1382, 255),
(1385, '坊子区', 1382, 255),
(1386, '奎文区', 1382, 255),
(1387, '临朐县', 1382, 255),
(1388, '昌乐县', 1382, 255),
(1389, '青州市', 1382, 255),
(1390, '诸城市', 1382, 255),
(1391, '寿光市', 1382, 255),
(1392, '安丘市', 1382, 255),
(1393, '高密市', 1382, 255),
(1394, '昌邑市', 1382, 255),
(1395, '济宁市', 15, 255),
(1396, '市中区', 1395, 255),
(1397, '任城区', 1395, 255),
(1398, '微山县', 1395, 255),
(1399, '鱼台县', 1395, 255),
(1400, '金乡县', 1395, 255),
(1401, '嘉祥县', 1395, 255),
(1402, '汶上县', 1395, 255),
(1403, '泗水县', 1395, 255),
(1404, '梁山县', 1395, 255),
(1405, '曲阜市', 1395, 255),
(1406, '兖州市', 1395, 255),
(1407, '邹城市', 1395, 255),
(1408, '泰安市', 15, 255),
(1409, '泰山区', 1408, 255),
(1410, '岱岳区', 1408, 255),
(1411, '宁阳县', 1408, 255),
(1412, '东平县', 1408, 255),
(1413, '新泰市', 1408, 255),
(1414, '肥城市', 1408, 255),
(1415, '威海市', 15, 255),
(1416, '环翠区', 1415, 255),
(1417, '文登市', 1415, 255),
(1418, '荣成市', 1415, 255),
(1419, '乳山市', 1415, 255),
(1420, '日照市', 15, 255),
(1421, '东港区', 1420, 255),
(1422, '岚山区', 1420, 255),
(1423, '五莲县', 1420, 255),
(1424, '莒县', 1420, 255),
(1425, '莱芜市', 15, 255),
(1426, '莱城区', 1425, 255),
(1427, '钢城区', 1425, 255),
(1428, '临沂市', 15, 255),
(1429, '兰山区', 1428, 255),
(1430, '罗庄区', 1428, 255),
(1431, '河东区', 1428, 255),
(1432, '沂南县', 1428, 255),
(1433, '郯城县', 1428, 255),
(1434, '沂水县', 1428, 255),
(1435, '苍山县', 1428, 255),
(1436, '费县', 1428, 255),
(1437, '平邑县', 1428, 255),
(1438, '莒南县', 1428, 255),
(1439, '蒙阴县', 1428, 255),
(1440, '临沭县', 1428, 255),
(1441, '德州市', 15, 255),
(1442, '德城区', 1441, 255),
(1443, '陵县', 1441, 255),
(1444, '宁津县', 1441, 255),
(1445, '庆云县', 1441, 255),
(1446, '临邑县', 1441, 255),
(1447, '齐河县', 1441, 255),
(1448, '平原县', 1441, 255),
(1449, '夏津县', 1441, 255),
(1450, '武城县', 1441, 255),
(1451, '乐陵市', 1441, 255),
(1452, '禹城市', 1441, 255),
(1453, '聊城市', 15, 255),
(1454, '东昌府区', 1453, 255),
(1455, '阳谷县', 1453, 255),
(1456, '莘县', 1453, 255),
(1457, '茌平县', 1453, 255),
(1458, '东阿县', 1453, 255),
(1459, '冠县', 1453, 255),
(1460, '高唐县', 1453, 255),
(1461, '临清市', 1453, 255),
(1462, '滨州市', 15, 255),
(1463, '滨城区', 1462, 255),
(1464, '惠民县', 1462, 255),
(1465, '阳信县', 1462, 255),
(1466, '无棣县', 1462, 255),
(1467, '沾化县', 1462, 255),
(1468, '博兴县', 1462, 255),
(1469, '邹平县', 1462, 255),
(1470, '菏泽市', 15, 255),
(1471, '牡丹区', 1470, 255),
(1472, '曹县', 1470, 255),
(1473, '单县', 1470, 255),
(1474, '成武县', 1470, 255),
(1475, '巨野县', 1470, 255),
(1476, '郓城县', 1470, 255),
(1477, '鄄城县', 1470, 255),
(1478, '定陶县', 1470, 255),
(1479, '东明县', 1470, 255),
(1480, '郑州市', 16, 255),
(1481, '中原区', 1480, 255),
(1482, '二七区', 1480, 255),
(1483, '管城回族区', 1480, 255),
(1484, '金水区', 1480, 255),
(1485, '上街区', 1480, 255),
(1486, '惠济区', 1480, 255),
(1487, '中牟县', 1480, 255),
(1488, '巩义市', 1480, 255),
(1489, '荥阳市', 1480, 255),
(1490, '新密市', 1480, 255),
(1491, '新郑市', 1480, 255),
(1492, '登封市', 1480, 255),
(1493, '开封市', 16, 255),
(1494, '龙亭区', 1493, 255),
(1495, '顺河回族区', 1493, 255),
(1496, '鼓楼区', 1493, 255),
(1497, '禹王台区', 1493, 255),
(1498, '金明区', 1493, 255),
(1499, '杞县', 1493, 255),
(1500, '通许县', 1493, 255),
(1501, '尉氏县', 1493, 255),
(1502, '开封县', 1493, 255),
(1503, '兰考县', 1493, 255),
(1504, '洛阳市', 16, 255),
(1505, '老城区', 1504, 255),
(1506, '西工区', 1504, 255),
(1507, '瀍河回族区', 1504, 255),
(1508, '涧西区', 1504, 255),
(1509, '吉利区', 1504, 255),
(1510, '洛龙区', 1504, 255),
(1511, '孟津县', 1504, 255),
(1512, '新安县', 1504, 255),
(1513, '栾川县', 1504, 255),
(1514, '嵩县', 1504, 255),
(1515, '汝阳县', 1504, 255),
(1516, '宜阳县', 1504, 255),
(1517, '洛宁县', 1504, 255),
(1518, '伊川县', 1504, 255),
(1519, '偃师市', 1504, 255),
(1520, '平顶山市', 16, 255),
(1521, '新华区', 1520, 255),
(1522, '卫东区', 1520, 255),
(1523, '石龙区', 1520, 255),
(1524, '湛河区', 1520, 255),
(1525, '宝丰县', 1520, 255),
(1526, '叶县', 1520, 255),
(1527, '鲁山县', 1520, 255),
(1528, '郏县', 1520, 255),
(1529, '舞钢市', 1520, 255),
(1530, '汝州市', 1520, 255),
(1531, '安阳市', 16, 255),
(1532, '文峰区', 1531, 255),
(1533, '北关区', 1531, 255),
(1534, '殷都区', 1531, 255),
(1535, '龙安区', 1531, 255),
(1536, '安阳县', 1531, 255),
(1537, '汤阴县', 1531, 255),
(1538, '滑县', 1531, 255),
(1539, '内黄县', 1531, 255),
(1540, '林州市', 1531, 255),
(1541, '鹤壁市', 16, 255),
(1542, '鹤山区', 1541, 255),
(1543, '山城区', 1541, 255),
(1544, '淇滨区', 1541, 255),
(1545, '浚县', 1541, 255),
(1546, '淇县', 1541, 255),
(1547, '新乡市', 16, 255),
(1548, '红旗区', 1547, 255),
(1549, '卫滨区', 1547, 255),
(1550, '凤泉区', 1547, 255),
(1551, '牧野区', 1547, 255),
(1552, '新乡县', 1547, 255),
(1553, '获嘉县', 1547, 255),
(1554, '原阳县', 1547, 255),
(1555, '延津县', 1547, 255),
(1556, '封丘县', 1547, 255),
(1557, '长垣县', 1547, 255),
(1558, '卫辉市', 1547, 255),
(1559, '辉县市', 1547, 255),
(1560, '焦作市', 16, 255),
(1561, '解放区', 1560, 255),
(1562, '中站区', 1560, 255),
(1563, '马村区', 1560, 255),
(1564, '山阳区', 1560, 255),
(1565, '修武县', 1560, 255),
(1566, '博爱县', 1560, 255),
(1567, '武陟县', 1560, 255),
(1568, '温县', 1560, 255),
(1569, '沁阳市', 1560, 255),
(1570, '孟州市', 1560, 255),
(1571, '濮阳市', 16, 255),
(1572, '华龙区', 1571, 255),
(1573, '清丰县', 1571, 255),
(1574, '南乐县', 1571, 255),
(1575, '范县', 1571, 255),
(1576, '台前县', 1571, 255),
(1577, '濮阳县', 1571, 255),
(1578, '许昌市', 16, 255),
(1579, '魏都区', 1578, 255),
(1580, '许昌县', 1578, 255),
(1581, '鄢陵县', 1578, 255),
(1582, '襄城县', 1578, 255),
(1583, '禹州市', 1578, 255),
(1584, '长葛市', 1578, 255),
(1585, '漯河市', 16, 255),
(1586, '源汇区', 1585, 255),
(1587, '郾城区', 1585, 255),
(1588, '召陵区', 1585, 255),
(1589, '舞阳县', 1585, 255),
(1590, '临颍县', 1585, 255),
(1591, '三门峡市', 16, 255),
(1592, '湖滨区', 1591, 255),
(1593, '渑池县', 1591, 255),
(1594, '陕县', 1591, 255),
(1595, '卢氏县', 1591, 255),
(1596, '义马市', 1591, 255),
(1597, '灵宝市', 1591, 255),
(1598, '南阳市', 16, 255),
(1599, '宛城区', 1598, 255),
(1600, '卧龙区', 1598, 255),
(1601, '南召县', 1598, 255),
(1602, '方城县', 1598, 255),
(1603, '西峡县', 1598, 255),
(1604, '镇平县', 1598, 255),
(1605, '内乡县', 1598, 255),
(1606, '淅川县', 1598, 255),
(1607, '社旗县', 1598, 255),
(1608, '唐河县', 1598, 255),
(1609, '新野县', 1598, 255),
(1610, '桐柏县', 1598, 255),
(1611, '邓州市', 1598, 255),
(1612, '商丘市', 16, 255),
(1613, '梁园区', 1612, 255),
(1614, '睢阳区', 1612, 255),
(1615, '民权县', 1612, 255),
(1616, '睢县', 1612, 255),
(1617, '宁陵县', 1612, 255),
(1618, '柘城县', 1612, 255),
(1619, '虞城县', 1612, 255),
(1620, '夏邑县', 1612, 255),
(1621, '永城市', 1612, 255),
(1622, '信阳市', 16, 255),
(1623, '浉河区', 1622, 255),
(1624, '平桥区', 1622, 255),
(1625, '罗山县', 1622, 255),
(1626, '光山县', 1622, 255),
(1627, '新县', 1622, 255),
(1628, '商城县', 1622, 255),
(1629, '固始县', 1622, 255),
(1630, '潢川县', 1622, 255),
(1631, '淮滨县', 1622, 255),
(1632, '息县', 1622, 255),
(1633, '周口市', 16, 255),
(1634, '川汇区', 1633, 255),
(1635, '扶沟县', 1633, 255),
(1636, '西华县', 1633, 255),
(1637, '商水县', 1633, 255),
(1638, '沈丘县', 1633, 255),
(1639, '郸城县', 1633, 255),
(1640, '淮阳县', 1633, 255),
(1641, '太康县', 1633, 255),
(1642, '鹿邑县', 1633, 255),
(1643, '项城市', 1633, 255),
(1644, '驻马店市', 16, 255),
(1645, '驿城区', 1644, 255),
(1646, '西平县', 1644, 255),
(1647, '上蔡县', 1644, 255),
(1648, '平舆县', 1644, 255),
(1649, '正阳县', 1644, 255),
(1650, '确山县', 1644, 255),
(1651, '泌阳县', 1644, 255),
(1652, '汝南县', 1644, 255),
(1653, '遂平县', 1644, 255),
(1654, '新蔡县', 1644, 255),
(1655, '济源市', 16, 255),
(1656, '', 1655, 255),
(1657, '石家庄市', 17, 255),
(1658, '长安区', 1657, 255),
(1659, '桥东区', 1657, 255),
(1660, '桥西区', 1657, 255),
(1661, '新华区', 1657, 255),
(1662, '井陉矿区', 1657, 255),
(1663, '裕华区', 1657, 255),
(1664, '井陉县', 1657, 255),
(1665, '正定县', 1657, 255),
(1666, '栾城县', 1657, 255),
(1667, '行唐县', 1657, 255),
(1668, '灵寿县', 1657, 255),
(1669, '高邑县', 1657, 255),
(1670, '深泽县', 1657, 255),
(1671, '赞皇县', 1657, 255),
(1672, '无极县', 1657, 255),
(1673, '平山县', 1657, 255),
(1674, '元氏县', 1657, 255),
(1675, '赵县', 1657, 255),
(1676, '辛集市', 1657, 255),
(1677, '藁城市', 1657, 255),
(1678, '晋州市', 1657, 255),
(1679, '新乐市', 1657, 255),
(1680, '鹿泉市', 1657, 255),
(1681, '唐山市', 17, 255),
(1682, '路南区', 1681, 255),
(1683, '路北区', 1681, 255),
(1684, '古冶区', 1681, 255),
(1685, '开平区', 1681, 255),
(1686, '丰南区', 1681, 255),
(1687, '丰润区', 1681, 255),
(1688, '滦县', 1681, 255),
(1689, '滦南县', 1681, 255),
(1690, '乐亭县', 1681, 255),
(1691, '迁西县', 1681, 255),
(1692, '玉田县', 1681, 255),
(1693, '唐海县', 1681, 255),
(1694, '遵化市', 1681, 255),
(1695, '迁安市', 1681, 255),
(1696, '秦皇岛市', 17, 255),
(1697, '海港区', 1696, 255),
(1698, '山海关区', 1696, 255),
(1699, '北戴河区', 1696, 255),
(1700, '青龙满族自治县', 1696, 255),
(1701, '昌黎县', 1696, 255),
(1702, '抚宁县', 1696, 255),
(1703, '卢龙县', 1696, 255),
(1704, '邯郸市', 17, 255),
(1705, '邯山区', 1704, 255),
(1706, '丛台区', 1704, 255),
(1707, '复兴区', 1704, 255),
(1708, '峰峰矿区', 1704, 255),
(1709, '邯郸县', 1704, 255),
(1710, '临漳县', 1704, 255),
(1711, '成安县', 1704, 255),
(1712, '大名县', 1704, 255),
(1713, '涉县', 1704, 255),
(1714, '磁县', 1704, 255),
(1715, '肥乡县', 1704, 255),
(1716, '永年县', 1704, 255),
(1717, '邱县', 1704, 255),
(1718, '鸡泽县', 1704, 255),
(1719, '广平县', 1704, 255),
(1720, '馆陶县', 1704, 255),
(1721, '魏县', 1704, 255),
(1722, '曲周县', 1704, 255),
(1723, '武安市', 1704, 255),
(1724, '邢台市', 17, 255),
(1725, '桥东区', 1724, 255),
(1726, '桥西区', 1724, 255);
INSERT INTO `hcseo_region` (`region_id`, `region_name`, `parent_id`, `sort_order`) VALUES
(1727, '邢台县', 1724, 255),
(1728, '临城县', 1724, 255),
(1729, '内丘县', 1724, 255),
(1730, '柏乡县', 1724, 255),
(1731, '隆尧县', 1724, 255),
(1732, '任县', 1724, 255),
(1733, '南和县', 1724, 255),
(1734, '宁晋县', 1724, 255),
(1735, '巨鹿县', 1724, 255),
(1736, '新河县', 1724, 255),
(1737, '广宗县', 1724, 255),
(1738, '平乡县', 1724, 255),
(1739, '威县', 1724, 255),
(1740, '清河县', 1724, 255),
(1741, '临西县', 1724, 255),
(1742, '南宫市', 1724, 255),
(1743, '沙河市', 1724, 255),
(1744, '保定市', 17, 255),
(1745, '新市区', 1744, 255),
(1746, '北市区', 1744, 255),
(1747, '南市区', 1744, 255),
(1748, '满城县', 1744, 255),
(1749, '清苑县', 1744, 255),
(1750, '涞水县', 1744, 255),
(1751, '阜平县', 1744, 255),
(1752, '徐水县', 1744, 255),
(1753, '定兴县', 1744, 255),
(1754, '唐县', 1744, 255),
(1755, '高阳县', 1744, 255),
(1756, '容城县', 1744, 255),
(1757, '涞源县', 1744, 255),
(1758, '望都县', 1744, 255),
(1759, '安新县', 1744, 255),
(1760, '易县', 1744, 255),
(1761, '曲阳县', 1744, 255),
(1762, '蠡县', 1744, 255),
(1763, '顺平县', 1744, 255),
(1764, '博野县', 1744, 255),
(1765, '雄县', 1744, 255),
(1766, '涿州市', 1744, 255),
(1767, '定州市', 1744, 255),
(1768, '安国市', 1744, 255),
(1769, '高碑店市', 1744, 255),
(1770, '张家口市', 17, 255),
(1771, '桥东区', 1770, 255),
(1772, '桥西区', 1770, 255),
(1773, '宣化区', 1770, 255),
(1774, '下花园区', 1770, 255),
(1775, '宣化县', 1770, 255),
(1776, '张北县', 1770, 255),
(1777, '康保县', 1770, 255),
(1778, '沽源县', 1770, 255),
(1779, '尚义县', 1770, 255),
(1780, '蔚县', 1770, 255),
(1781, '阳原县', 1770, 255),
(1782, '怀安县', 1770, 255),
(1783, '万全县', 1770, 255),
(1784, '怀来县', 1770, 255),
(1785, '涿鹿县', 1770, 255),
(1786, '赤城县', 1770, 255),
(1787, '崇礼县', 1770, 255),
(1788, '承德市', 17, 255),
(1789, '双桥区', 1788, 255),
(1790, '双滦区', 1788, 255),
(1791, '鹰手营子矿区', 1788, 255),
(1792, '承德县', 1788, 255),
(1793, '兴隆县', 1788, 255),
(1794, '平泉县', 1788, 255),
(1795, '滦平县', 1788, 255),
(1796, '隆化县', 1788, 255),
(1797, '丰宁满族自治县', 1788, 255),
(1798, '宽城满族自治县', 1788, 255),
(1799, '围场满族蒙古族自治县', 1788, 255),
(1800, '沧州市', 17, 255),
(1801, '新华区', 1800, 255),
(1802, '运河区', 1800, 255),
(1803, '沧县', 1800, 255),
(1804, '青县', 1800, 255),
(1805, '东光县', 1800, 255),
(1806, '海兴县', 1800, 255),
(1807, '盐山县', 1800, 255),
(1808, '肃宁县', 1800, 255),
(1809, '南皮县', 1800, 255),
(1810, '吴桥县', 1800, 255),
(1811, '献县', 1800, 255),
(1812, '孟村回族自治县', 1800, 255),
(1813, '泊头市', 1800, 255),
(1814, '任丘市', 1800, 255),
(1815, '黄骅市', 1800, 255),
(1816, '河间市', 1800, 255),
(1817, '廊坊市', 17, 255),
(1818, '安次区', 1817, 255),
(1819, '广阳区', 1817, 255),
(1820, '固安县', 1817, 255),
(1821, '永清县', 1817, 255),
(1822, '香河县', 1817, 255),
(1823, '大城县', 1817, 255),
(1824, '文安县', 1817, 255),
(1825, '大厂回族自治县', 1817, 255),
(1826, '霸州市', 1817, 255),
(1827, '三河市', 1817, 255),
(1828, '衡水市', 17, 255),
(1829, '桃城区', 1828, 255),
(1830, '枣强县', 1828, 255),
(1831, '武邑县', 1828, 255),
(1832, '武强县', 1828, 255),
(1833, '饶阳县', 1828, 255),
(1834, '安平县', 1828, 255),
(1835, '故城县', 1828, 255),
(1836, '景县', 1828, 255),
(1837, '阜城县', 1828, 255),
(1838, '冀州市', 1828, 255),
(1839, '深州市', 1828, 255),
(1840, '长沙市', 18, 255),
(1841, '芙蓉区', 1840, 255),
(1842, '天心区', 1840, 255),
(1843, '岳麓区', 1840, 255),
(1844, '开福区', 1840, 255),
(1845, '雨花区', 1840, 255),
(1846, '长沙县', 1840, 255),
(1847, '望城县', 1840, 255),
(1848, '宁乡县', 1840, 255),
(1849, '浏阳市', 1840, 255),
(1850, '株洲市', 18, 255),
(1851, '荷塘区', 1850, 255),
(1852, '芦淞区', 1850, 255),
(1853, '石峰区', 1850, 255),
(1854, '天元区', 1850, 255),
(1855, '株洲县', 1850, 255),
(1856, '攸县', 1850, 255),
(1857, '茶陵县', 1850, 255),
(1858, '炎陵县', 1850, 255),
(1859, '醴陵市', 1850, 255),
(1860, '湘潭市', 18, 255),
(1861, '雨湖区', 1860, 255),
(1862, '岳塘区', 1860, 255),
(1863, '湘潭县', 1860, 255),
(1864, '湘乡市', 1860, 255),
(1865, '韶山市', 1860, 255),
(1866, '衡阳市', 18, 255),
(1867, '珠晖区', 1866, 255),
(1868, '雁峰区', 1866, 255),
(1869, '石鼓区', 1866, 255),
(1870, '蒸湘区', 1866, 255),
(1871, '南岳区', 1866, 255),
(1872, '衡阳县', 1866, 255),
(1873, '衡南县', 1866, 255),
(1874, '衡山县', 1866, 255),
(1875, '衡东县', 1866, 255),
(1876, '祁东县', 1866, 255),
(1877, '耒阳市', 1866, 255),
(1878, '常宁市', 1866, 255),
(1879, '邵阳市', 18, 255),
(1880, '双清区', 1879, 255),
(1881, '大祥区', 1879, 255),
(1882, '北塔区', 1879, 255),
(1883, '邵东县', 1879, 255),
(1884, '新邵县', 1879, 255),
(1885, '邵阳县', 1879, 255),
(1886, '隆回县', 1879, 255),
(1887, '洞口县', 1879, 255),
(1888, '绥宁县', 1879, 255),
(1889, '新宁县', 1879, 255),
(1890, '城步苗族自治县', 1879, 255),
(1891, '武冈市', 1879, 255),
(1892, '岳阳市', 18, 255),
(1893, '岳阳楼区', 1892, 255),
(1894, '云溪区', 1892, 255),
(1895, '君山区', 1892, 255),
(1896, '岳阳县', 1892, 255),
(1897, '华容县', 1892, 255),
(1898, '湘阴县', 1892, 255),
(1899, '平江县', 1892, 255),
(1900, '汨罗市', 1892, 255),
(1901, '临湘市', 1892, 255),
(1902, '常德市', 18, 255),
(1903, '武陵区', 1902, 255),
(1904, '鼎城区', 1902, 255),
(1905, '安乡县', 1902, 255),
(1906, '汉寿县', 1902, 255),
(1907, '澧县', 1902, 255),
(1908, '临澧县', 1902, 255),
(1909, '桃源县', 1902, 255),
(1910, '石门县', 1902, 255),
(1911, '津市市', 1902, 255),
(1912, '张家界市', 18, 255),
(1913, '永定区', 1912, 255),
(1914, '武陵源区', 1912, 255),
(1915, '慈利县', 1912, 255),
(1916, '桑植县', 1912, 255),
(1917, '益阳市', 18, 255),
(1918, '资阳区', 1917, 255),
(1919, '赫山区', 1917, 255),
(1920, '南县', 1917, 255),
(1921, '桃江县', 1917, 255),
(1922, '安化县', 1917, 255),
(1923, '沅江市', 1917, 255),
(1924, '郴州市', 18, 255),
(1925, '北湖区', 1924, 255),
(1926, '苏仙区', 1924, 255),
(1927, '桂阳县', 1924, 255),
(1928, '宜章县', 1924, 255),
(1929, '永兴县', 1924, 255),
(1930, '嘉禾县', 1924, 255),
(1931, '临武县', 1924, 255),
(1932, '汝城县', 1924, 255),
(1933, '桂东县', 1924, 255),
(1934, '安仁县', 1924, 255),
(1935, '资兴市', 1924, 255),
(1936, '永州市', 18, 255),
(1937, '零陵区', 1936, 255),
(1938, '冷水滩区', 1936, 255),
(1939, '祁阳县', 1936, 255),
(1940, '东安县', 1936, 255),
(1941, '双牌县', 1936, 255),
(1942, '道县', 1936, 255),
(1943, '江永县', 1936, 255),
(1944, '宁远县', 1936, 255),
(1945, '蓝山县', 1936, 255),
(1946, '新田县', 1936, 255),
(1947, '江华瑶族自治县', 1936, 255),
(1948, '怀化市', 18, 255),
(1949, '鹤城区', 1948, 255),
(1950, '中方县', 1948, 255),
(1951, '沅陵县', 1948, 255),
(1952, '辰溪县', 1948, 255),
(1953, '溆浦县', 1948, 255),
(1954, '会同县', 1948, 255),
(1955, '麻阳苗族自治县', 1948, 255),
(1956, '新晃侗族自治县', 1948, 255),
(1957, '芷江侗族自治县', 1948, 255),
(1958, '靖州苗族侗族自治县', 1948, 255),
(1959, '通道侗族自治县', 1948, 255),
(1960, '洪江市', 1948, 255),
(1961, '娄底市', 18, 255),
(1962, '娄星区', 1961, 255),
(1963, '双峰县', 1961, 255),
(1964, '新化县', 1961, 255),
(1965, '冷水江市', 1961, 255),
(1966, '涟源市', 1961, 255),
(1967, '湘西土家族苗族自治州', 18, 255),
(1968, '吉首市', 1967, 255),
(1969, '泸溪县', 1967, 255),
(1970, '凤凰县', 1967, 255),
(1971, '花垣县', 1967, 255),
(1972, '保靖县', 1967, 255),
(1973, '古丈县', 1967, 255),
(1974, '永顺县', 1967, 255),
(1975, '龙山县', 1967, 255),
(1976, '广州市', 19, 255),
(1977, '荔湾区', 1976, 255),
(1978, '越秀区', 1976, 255),
(1979, '海珠区', 1976, 255),
(1980, '天河区', 1976, 255),
(1981, '白云区', 1976, 255),
(1982, '黄埔区', 1976, 255),
(1983, '番禺区', 1976, 255),
(1984, '花都区', 1976, 255),
(1985, '南沙区', 1976, 255),
(1986, '萝岗区', 1976, 255),
(1987, '增城市', 1976, 255),
(1988, '从化市', 1976, 255),
(1989, '韶关市', 19, 255),
(1990, '武江区', 1989, 255),
(1991, '浈江区', 1989, 255),
(1992, '曲江区', 1989, 255),
(1993, '始兴县', 1989, 255),
(1994, '仁化县', 1989, 255),
(1995, '翁源县', 1989, 255),
(1996, '乳源瑶族自治县', 1989, 255),
(1997, '新丰县', 1989, 255),
(1998, '乐昌市', 1989, 255),
(1999, '南雄市', 1989, 255),
(2000, '深圳市', 19, 255),
(2001, '罗湖区', 2000, 255),
(2002, '福田区', 2000, 255),
(2003, '南山区', 2000, 255),
(2004, '宝安区', 2000, 255),
(2005, '龙岗区', 2000, 255),
(2006, '盐田区', 2000, 255),
(2007, '珠海市', 19, 255),
(2008, '香洲区', 2007, 255),
(2009, '斗门区', 2007, 255),
(2010, '金湾区', 2007, 255),
(2011, '汕头市', 19, 255),
(2012, '龙湖区', 2011, 255),
(2013, '金平区', 2011, 255),
(2014, '濠江区', 2011, 255),
(2015, '潮阳区', 2011, 255),
(2016, '潮南区', 2011, 255),
(2017, '澄海区', 2011, 255),
(2018, '南澳县', 2011, 255),
(2019, '佛山市', 19, 255),
(2020, '禅城区', 2019, 255),
(2021, '南海区', 2019, 255),
(2022, '顺德区', 2019, 255),
(2023, '三水区', 2019, 255),
(2024, '高明区', 2019, 255),
(2025, '江门市', 19, 255),
(2026, '蓬江区', 2025, 255),
(2027, '江海区', 2025, 255),
(2028, '新会区', 2025, 255),
(2029, '台山市', 2025, 255),
(2030, '开平市', 2025, 255),
(2031, '鹤山市', 2025, 255),
(2032, '恩平市', 2025, 255),
(2033, '湛江市', 19, 255),
(2034, '赤坎区', 2033, 255),
(2035, '霞山区', 2033, 255),
(2036, '坡头区', 2033, 255),
(2037, '麻章区', 2033, 255),
(2038, '遂溪县', 2033, 255),
(2039, '徐闻县', 2033, 255),
(2040, '廉江市', 2033, 255),
(2041, '雷州市', 2033, 255),
(2042, '吴川市', 2033, 255),
(2043, '茂名市', 19, 255),
(2044, '茂南区', 2043, 255),
(2045, '茂港区', 2043, 255),
(2046, '电白县', 2043, 255),
(2047, '高州市', 2043, 255),
(2048, '化州市', 2043, 255),
(2049, '信宜市', 2043, 255),
(2050, '肇庆市', 19, 255),
(2051, '端州区', 2050, 255),
(2052, '鼎湖区', 2050, 255),
(2053, '广宁县', 2050, 255),
(2054, '怀集县', 2050, 255),
(2055, '封开县', 2050, 255),
(2056, '德庆县', 2050, 255),
(2057, '高要市', 2050, 255),
(2058, '四会市', 2050, 255),
(2059, '惠州市', 19, 255),
(2060, '惠城区', 2059, 255),
(2061, '惠阳区', 2059, 255),
(2062, '博罗县', 2059, 255),
(2063, '惠东县', 2059, 255),
(2064, '龙门县', 2059, 255),
(2065, '梅州市', 19, 255),
(2066, '梅江区', 2065, 255),
(2067, '梅县', 2065, 255),
(2068, '大埔县', 2065, 255),
(2069, '丰顺县', 2065, 255),
(2070, '五华县', 2065, 255),
(2071, '平远县', 2065, 255),
(2072, '蕉岭县', 2065, 255),
(2073, '兴宁市', 2065, 255),
(2074, '汕尾市', 19, 255),
(2075, '城区', 2074, 255),
(2076, '海丰县', 2074, 255),
(2077, '陆河县', 2074, 255),
(2078, '陆丰市', 2074, 255),
(2079, '河源市', 19, 255),
(2080, '源城区', 2079, 255),
(2081, '紫金县', 2079, 255),
(2082, '龙川县', 2079, 255),
(2083, '连平县', 2079, 255),
(2084, '和平县', 2079, 255),
(2085, '东源县', 2079, 255),
(2086, '阳江市', 19, 255),
(2087, '江城区', 2086, 255),
(2088, '阳西县', 2086, 255),
(2089, '阳东县', 2086, 255),
(2090, '阳春市', 2086, 255),
(2091, '清远市', 19, 255),
(2092, '清城区', 2091, 255),
(2093, '佛冈县', 2091, 255),
(2094, '阳山县', 2091, 255),
(2095, '连山壮族瑶族自治县', 2091, 255),
(2096, '连南瑶族自治县', 2091, 255),
(2097, '清新县', 2091, 255),
(2098, '英德市', 2091, 255),
(2099, '连州市', 2091, 255),
(2100, '东莞市', 19, 255),
(2101, '', 2100, 255),
(2102, '中山市', 19, 255),
(2103, '', 2102, 255),
(2104, '潮州市', 19, 255),
(2105, '湘桥区', 2104, 255),
(2106, '潮安县', 2104, 255),
(2107, '饶平县', 2104, 255),
(2108, '揭阳市', 19, 255),
(2109, '榕城区', 2108, 255),
(2110, '揭东县', 2108, 255),
(2111, '揭西县', 2108, 255),
(2112, '惠来县', 2108, 255),
(2113, '普宁市', 2108, 255),
(2114, '云浮市', 19, 255),
(2115, '云城区', 2114, 255),
(2116, '新兴县', 2114, 255),
(2117, '郁南县', 2114, 255),
(2118, '云安县', 2114, 255),
(2119, '罗定市', 2114, 255),
(2120, '南宁市', 20, 255),
(2121, '兴宁区', 2120, 255),
(2122, '青秀区', 2120, 255),
(2123, '江南区', 2120, 255),
(2124, '西乡塘区', 2120, 255),
(2125, '良庆区', 2120, 255),
(2126, '邕宁区', 2120, 255),
(2127, '武鸣县', 2120, 255),
(2128, '隆安县', 2120, 255),
(2129, '马山县', 2120, 255),
(2130, '上林县', 2120, 255),
(2131, '宾阳县', 2120, 255),
(2132, '横县', 2120, 255),
(2133, '柳州市', 20, 255),
(2134, '城中区', 2133, 255),
(2135, '鱼峰区', 2133, 255),
(2136, '柳南区', 2133, 255),
(2137, '柳北区', 2133, 255),
(2138, '柳江县', 2133, 255),
(2139, '柳城县', 2133, 255),
(2140, '鹿寨县', 2133, 255),
(2141, '融安县', 2133, 255),
(2142, '融水苗族自治县', 2133, 255),
(2143, '三江侗族自治县', 2133, 255),
(2144, '桂林市', 20, 255),
(2145, '秀峰区', 2144, 255),
(2146, '叠彩区', 2144, 255),
(2147, '象山区', 2144, 255),
(2148, '七星区', 2144, 255),
(2149, '雁山区', 2144, 255),
(2150, '阳朔县', 2144, 255),
(2151, '临桂县', 2144, 255),
(2152, '灵川县', 2144, 255),
(2153, '全州县', 2144, 255),
(2154, '兴安县', 2144, 255),
(2155, '永福县', 2144, 255),
(2156, '灌阳县', 2144, 255),
(2157, '龙胜各族自治县', 2144, 255),
(2158, '资源县', 2144, 255),
(2159, '平乐县', 2144, 255),
(2160, '荔蒲县', 2144, 255),
(2161, '恭城瑶族自治县', 2144, 255),
(2162, '梧州市', 20, 255),
(2163, '万秀区', 2162, 255),
(2164, '蝶山区', 2162, 255),
(2165, '长洲区', 2162, 255),
(2166, '苍梧县', 2162, 255),
(2167, '藤县', 2162, 255),
(2168, '蒙山县', 2162, 255),
(2169, '岑溪市', 2162, 255),
(2170, '北海市', 20, 255),
(2171, '海城区', 2170, 255),
(2172, '银海区', 2170, 255),
(2173, '铁山港区', 2170, 255),
(2174, '合浦县', 2170, 255),
(2175, '防城港市', 20, 255),
(2176, '港口区', 2175, 255),
(2177, '防城区', 2175, 255),
(2178, '上思县', 2175, 255),
(2179, '东兴市', 2175, 255),
(2180, '钦州市', 20, 255),
(2181, '钦南区', 2180, 255),
(2182, '钦北区', 2180, 255),
(2183, '灵山县', 2180, 255),
(2184, '浦北县', 2180, 255),
(2185, '贵港市', 20, 255),
(2186, '港北区', 2185, 255),
(2187, '港南区', 2185, 255),
(2188, '覃塘区', 2185, 255),
(2189, '平南县', 2185, 255),
(2190, '桂平市', 2185, 255),
(2191, '玉林市', 20, 255),
(2192, '玉州区', 2191, 255),
(2193, '容县', 2191, 255),
(2194, '陆川县', 2191, 255),
(2195, '博白县', 2191, 255),
(2196, '兴业县', 2191, 255),
(2197, '北流市', 2191, 255),
(2198, '百色市', 20, 255),
(2199, '右江区', 2198, 255),
(2200, '田阳县', 2198, 255),
(2201, '田东县', 2198, 255),
(2202, '平果县', 2198, 255),
(2203, '德保县', 2198, 255),
(2204, '靖西县', 2198, 255),
(2205, '那坡县', 2198, 255),
(2206, '凌云县', 2198, 255),
(2207, '乐业县', 2198, 255),
(2208, '田林县', 2198, 255),
(2209, '西林县', 2198, 255),
(2210, '隆林各族自治县', 2198, 255),
(2211, '贺州市', 20, 255),
(2212, '八步区', 2211, 255),
(2213, '昭平县', 2211, 255),
(2214, '钟山县', 2211, 255),
(2215, '富川瑶族自治县', 2211, 255),
(2216, '河池市', 20, 255),
(2217, '金城江区', 2216, 255),
(2218, '南丹县', 2216, 255),
(2219, '天峨县', 2216, 255),
(2220, '凤山县', 2216, 255),
(2221, '东兰县', 2216, 255),
(2222, '罗城仫佬族自治县', 2216, 255),
(2223, '环江毛南族自治县', 2216, 255),
(2224, '巴马瑶族自治县', 2216, 255),
(2225, '都安瑶族自治县', 2216, 255),
(2226, '大化瑶族自治县', 2216, 255),
(2227, '宜州市', 2216, 255),
(2228, '来宾市', 20, 255),
(2229, '兴宾区', 2228, 255),
(2230, '忻城县', 2228, 255),
(2231, '象州县', 2228, 255),
(2232, '武宣县', 2228, 255),
(2233, '金秀瑶族自治县', 2228, 255),
(2234, '合山市', 2228, 255),
(2235, '崇左市', 20, 255),
(2236, '江洲区', 2235, 255),
(2237, '扶绥县', 2235, 255),
(2238, '宁明县', 2235, 255),
(2239, '龙州县', 2235, 255),
(2240, '大新县', 2235, 255),
(2241, '天等县', 2235, 255),
(2242, '凭祥市', 2235, 255),
(2243, '海口市', 21, 255),
(2244, '秀英区', 2243, 255),
(2245, '龙华区', 2243, 255),
(2246, '琼山区', 2243, 255),
(2247, '美兰区', 2243, 255),
(2248, '三亚市', 21, 255),
(2249, '', 2248, 255),
(2250, '五指山市', 21, 255),
(2251, '', 2250, 255),
(2252, '琼海市', 21, 255),
(2253, '', 2252, 255),
(2254, '儋州市', 21, 255),
(2255, '', 2254, 255),
(2256, '文昌市', 21, 255),
(2257, '', 2256, 255),
(2258, '万宁市', 21, 255),
(2259, '', 2258, 255),
(2260, '东方市', 21, 255),
(2261, '', 2260, 255),
(2262, '定安县', 21, 255),
(2263, '', 2262, 255),
(2264, '屯昌县', 21, 255),
(2265, '', 2264, 255),
(2266, '澄迈县', 21, 255),
(2267, '', 2266, 255),
(2268, '临高县', 21, 255),
(2269, '', 2268, 255),
(2270, '白沙黎族自治县', 21, 255),
(2271, '', 2270, 255),
(2272, '昌江黎族自治县', 21, 255),
(2273, '', 2272, 255),
(2274, '乐东黎族自治县', 21, 255),
(2275, '', 2274, 255),
(2276, '陵水黎族自治县', 21, 255),
(2277, '', 2276, 255),
(2278, '保亭黎族苗族自治县', 21, 255),
(2279, '', 2278, 255),
(2280, '琼中黎族苗族自治县', 21, 255),
(2281, '', 2280, 255),
(2282, '西沙群岛', 21, 255),
(2283, '', 2282, 255),
(2284, '南沙群岛', 21, 255),
(2285, '', 2284, 255),
(2286, '中沙群岛的岛礁及其海域', 21, 255),
(2287, '', 2286, 255),
(2288, '重庆市', 22, 255),
(2289, '万州区', 22, 255),
(2290, '涪陵区', 22, 255),
(2291, '渝中区', 22, 255),
(2292, '大渡口区', 22, 255),
(2293, '江北区', 22, 255),
(2294, '沙坪坝区', 22, 255),
(2295, '九龙坡区', 22, 255),
(2296, '南岸区', 22, 255),
(2297, '北碚区', 22, 255),
(2298, '万盛区', 22, 255),
(2299, '双桥区', 22, 255),
(2300, '渝北区', 22, 255),
(2301, '巴南区', 22, 255),
(2302, '黔江区', 22, 255),
(2303, '长寿区', 22, 255),
(2304, '江津区', 22, 255),
(2305, '合川区', 22, 255),
(2306, '永川区', 22, 255),
(2307, '南川区', 22, 255),
(2308, '綦江县', 22, 255),
(2309, '潼南县', 22, 255),
(2310, '铜梁县', 22, 255),
(2311, '大足县', 22, 255),
(2312, '荣昌县', 22, 255),
(2313, '璧山县', 22, 255),
(2314, '梁平县', 22, 255),
(2315, '城口县', 22, 255),
(2316, '丰都县', 22, 255),
(2317, '垫江县', 22, 255),
(2318, '武隆县', 22, 255),
(2319, '忠县', 22, 255),
(2320, '开县', 22, 255),
(2321, '云阳县', 22, 255),
(2322, '奉节县', 22, 255),
(2323, '巫山县', 22, 255),
(2324, '巫溪县', 22, 255),
(2325, '石柱土家族自治县', 22, 255),
(2326, '秀山土家族苗族自治县', 22, 255),
(2327, '酉阳土家族苗族自治县', 22, 255),
(2328, '彭水苗族土家族自治县', 22, 255),
(2329, '成都市', 23, 255),
(2330, '锦江区', 2329, 255),
(2331, '青羊区', 2329, 255),
(2332, '金牛区', 2329, 255),
(2333, '武侯区', 2329, 255),
(2334, '成华区', 2329, 255),
(2335, '龙泉驿区', 2329, 255),
(2336, '青白江区', 2329, 255),
(2337, '新都区', 2329, 255),
(2338, '温江区', 2329, 255),
(2339, '金堂县', 2329, 255),
(2340, '双流县', 2329, 255),
(2341, '郫县', 2329, 255),
(2342, '大邑县', 2329, 255),
(2343, '蒲江县', 2329, 255),
(2344, '新津县', 2329, 255),
(2345, '都江堰市', 2329, 255),
(2346, '彭州市', 2329, 255),
(2347, '邛崃市', 2329, 255),
(2348, '崇州市', 2329, 255),
(2349, '自贡市', 23, 255),
(2350, '自流井区', 2349, 255),
(2351, '贡井区', 2349, 255),
(2352, '大安区', 2349, 255),
(2353, '沿滩区', 2349, 255),
(2354, '荣县', 2349, 255),
(2355, '富顺县', 2349, 255),
(2356, '攀枝花市', 23, 255),
(2357, '东区', 2356, 255),
(2358, '西区', 2356, 255),
(2359, '仁和区', 2356, 255),
(2360, '米易县', 2356, 255),
(2361, '盐边县', 2356, 255),
(2362, '泸州市', 23, 255),
(2363, '江阳区', 2362, 255),
(2364, '纳溪区', 2362, 255),
(2365, '龙马潭区', 2362, 255),
(2366, '泸县', 2362, 255),
(2367, '合江县', 2362, 255),
(2368, '叙永县', 2362, 255),
(2369, '古蔺县', 2362, 255),
(2370, '德阳市', 23, 255),
(2371, '旌阳区', 2370, 255),
(2372, '中江县', 2370, 255),
(2373, '罗江县', 2370, 255),
(2374, '广汉市', 2370, 255),
(2375, '什邡市', 2370, 255),
(2376, '绵竹市', 2370, 255),
(2377, '绵阳市', 23, 255),
(2378, '涪城区', 2377, 255),
(2379, '游仙区', 2377, 255),
(2380, '三台县', 2377, 255),
(2381, '盐亭县', 2377, 255),
(2382, '安县', 2377, 255),
(2383, '梓潼县', 2377, 255),
(2384, '北川羌族自治县', 2377, 255),
(2385, '平武县', 2377, 255),
(2386, '江油市', 2377, 255),
(2387, '广元市', 23, 255),
(2388, '利州区', 2387, 255),
(2389, '元坝区', 2387, 255),
(2390, '朝天区', 2387, 255),
(2391, '旺苍县', 2387, 255),
(2392, '青川县', 2387, 255),
(2393, '剑阁县', 2387, 255),
(2394, '苍溪县', 2387, 255),
(2395, '遂宁市', 23, 255),
(2396, '船山区', 2395, 255),
(2397, '安居区', 2395, 255),
(2398, '蓬溪县', 2395, 255),
(2399, '射洪县', 2395, 255),
(2400, '大英县', 2395, 255),
(2401, '内江市', 23, 255),
(2402, '市中区', 2401, 255),
(2403, '东兴区', 2401, 255),
(2404, '威远县', 2401, 255),
(2405, '资中县', 2401, 255),
(2406, '隆昌县', 2401, 255),
(2407, '乐山市', 23, 255),
(2408, '市中区', 2407, 255),
(2409, '沙湾区', 2407, 255),
(2410, '五通桥区', 2407, 255),
(2411, '金口河区', 2407, 255),
(2412, '犍为县', 2407, 255),
(2413, '井研县', 2407, 255),
(2414, '夹江县', 2407, 255),
(2415, '沐川县', 2407, 255),
(2416, '峨边彝族自治县', 2407, 255),
(2417, '马边彝族自治县', 2407, 255),
(2418, '峨眉山市', 2407, 255),
(2419, '南充市', 23, 255),
(2420, '顺庆区', 2419, 255),
(2421, '高坪区', 2419, 255),
(2422, '嘉陵区', 2419, 255),
(2423, '南部县', 2419, 255),
(2424, '营山县', 2419, 255),
(2425, '蓬安县', 2419, 255),
(2426, '仪陇县', 2419, 255),
(2427, '西充县', 2419, 255),
(2428, '阆中市', 2419, 255),
(2429, '眉山市', 23, 255),
(2430, '东坡区', 2429, 255),
(2431, '仁寿县', 2429, 255),
(2432, '彭山县', 2429, 255),
(2433, '洪雅县', 2429, 255),
(2434, '丹棱县', 2429, 255),
(2435, '青神县', 2429, 255),
(2436, '宜宾市', 23, 255),
(2437, '翠屏区', 2436, 255),
(2438, '宜宾县', 2436, 255),
(2439, '南溪县', 2436, 255),
(2440, '江安县', 2436, 255),
(2441, '长宁县', 2436, 255),
(2442, '高县', 2436, 255),
(2443, '珙县', 2436, 255),
(2444, '筠连县', 2436, 255),
(2445, '兴文县', 2436, 255),
(2446, '屏山县', 2436, 255),
(2447, '广安市', 23, 255),
(2448, '广安区', 2447, 255),
(2449, '岳池县', 2447, 255),
(2450, '武胜县', 2447, 255),
(2451, '邻水县', 2447, 255),
(2452, '华蓥市', 2447, 255),
(2453, '达州市', 23, 255),
(2454, '通川区', 2453, 255),
(2455, '达县', 2453, 255),
(2456, '宣汉县', 2453, 255),
(2457, '开江县', 2453, 255),
(2458, '大竹县', 2453, 255),
(2459, '渠县', 2453, 255),
(2460, '万源市', 2453, 255),
(2461, '雅安市', 23, 255),
(2462, '雨城区', 2461, 255),
(2463, '名山县', 2461, 255),
(2464, '荥经县', 2461, 255),
(2465, '汉源县', 2461, 255),
(2466, '石棉县', 2461, 255),
(2467, '天全县', 2461, 255),
(2468, '芦山县', 2461, 255),
(2469, '宝兴县', 2461, 255),
(2470, '巴中市', 23, 255),
(2471, '巴州区', 2470, 255),
(2472, '通江县', 2470, 255),
(2473, '南江县', 2470, 255),
(2474, '平昌县', 2470, 255),
(2475, '资阳市', 23, 255),
(2476, '雁江区', 2475, 255),
(2477, '安岳县', 2475, 255),
(2478, '乐至县', 2475, 255),
(2479, '简阳市', 2475, 255),
(2480, '阿坝藏族羌族自治州', 23, 255),
(2481, '汶川县', 2480, 255),
(2482, '理县', 2480, 255),
(2483, '茂县', 2480, 255),
(2484, '松潘县', 2480, 255),
(2485, '九寨沟县', 2480, 255),
(2486, '金川县', 2480, 255),
(2487, '小金县', 2480, 255),
(2488, '黑水县', 2480, 255),
(2489, '马尔康县', 2480, 255),
(2490, '壤塘县', 2480, 255),
(2491, '阿坝县', 2480, 255),
(2492, '若尔盖县', 2480, 255),
(2493, '红原县', 2480, 255),
(2494, '甘孜藏族自治州', 23, 255),
(2495, '康定县', 2494, 255),
(2496, '泸定县', 2494, 255),
(2497, '丹巴县', 2494, 255),
(2498, '九龙县', 2494, 255),
(2499, '雅江县', 2494, 255),
(2500, '道孚县', 2494, 255),
(2501, '炉霍县', 2494, 255),
(2502, '甘孜县', 2494, 255),
(2503, '新龙县', 2494, 255),
(2504, '德格县', 2494, 255),
(2505, '白玉县', 2494, 255),
(2506, '石渠县', 2494, 255),
(2507, '色达县', 2494, 255),
(2508, '理塘县', 2494, 255),
(2509, '巴塘县', 2494, 255),
(2510, '乡城县', 2494, 255),
(2511, '稻城县', 2494, 255),
(2512, '得荣县', 2494, 255),
(2513, '凉山彝族自治州', 23, 255),
(2514, '西昌市', 2513, 255),
(2515, '木里藏族自治县', 2513, 255),
(2516, '盐源县', 2513, 255),
(2517, '德昌县', 2513, 255),
(2518, '会理县', 2513, 255),
(2519, '会东县', 2513, 255),
(2520, '宁南县', 2513, 255),
(2521, '普格县', 2513, 255),
(2522, '布拖县', 2513, 255),
(2523, '金阳县', 2513, 255),
(2524, '昭觉县', 2513, 255),
(2525, '喜德县', 2513, 255),
(2526, '冕宁县', 2513, 255),
(2527, '越西县', 2513, 255),
(2528, '甘洛县', 2513, 255),
(2529, '美姑县', 2513, 255),
(2530, '雷波县', 2513, 255),
(2531, '贵阳市', 24, 255),
(2532, '南明区', 2531, 255),
(2533, '云岩区', 2531, 255),
(2534, '花溪区', 2531, 255),
(2535, '乌当区', 2531, 255),
(2536, '白云区', 2531, 255),
(2537, '小河区', 2531, 255),
(2538, '开阳县', 2531, 255),
(2539, '息烽县', 2531, 255),
(2540, '修文县', 2531, 255),
(2541, '清镇市', 2531, 255),
(2542, '六盘水市', 24, 255),
(2543, '钟山区', 2542, 255),
(2544, '六枝特区', 2542, 255),
(2545, '水城县', 2542, 255),
(2546, '盘县', 2542, 255),
(2547, '遵义市', 24, 255),
(2548, '红花岗区', 2547, 255),
(2549, '汇川区', 2547, 255),
(2550, '遵义县', 2547, 255),
(2551, '桐梓县', 2547, 255),
(2552, '绥阳县', 2547, 255),
(2553, '正安县', 2547, 255),
(2554, '道真仡佬族苗族自治县', 2547, 255),
(2555, '务川仡佬族苗族自治县', 2547, 255),
(2556, '凤冈县', 2547, 255),
(2557, '湄潭县', 2547, 255),
(2558, '余庆县', 2547, 255),
(2559, '习水县', 2547, 255),
(2560, '赤水市', 2547, 255),
(2561, '仁怀市', 2547, 255),
(2562, '安顺市', 24, 255),
(2563, '西秀区', 2562, 255),
(2564, '平坝县', 2562, 255),
(2565, '普定县', 2562, 255),
(2566, '镇宁布依族苗族自治县', 2562, 255),
(2567, '关岭布依族苗族自治县', 2562, 255),
(2568, '紫云苗族布依族自治县', 2562, 255),
(2569, '铜仁地区', 24, 255),
(2570, '铜仁市', 2569, 255),
(2571, '江口县', 2569, 255),
(2572, '玉屏侗族自治县', 2569, 255),
(2573, '石阡县', 2569, 255),
(2574, '思南县', 2569, 255),
(2575, '印江土家族苗族自治县', 2569, 255),
(2576, '德江县', 2569, 255),
(2577, '沿河土家族自治县', 2569, 255),
(2578, '松桃苗族自治县', 2569, 255),
(2579, '万山特区', 2569, 255),
(2580, '黔西南布依族苗族自治州', 24, 255),
(2581, '兴义市', 2580, 255),
(2582, '兴仁县', 2580, 255),
(2583, '普安县', 2580, 255),
(2584, '晴隆县', 2580, 255),
(2585, '贞丰县', 2580, 255),
(2586, '望谟县', 2580, 255),
(2587, '册亨县', 2580, 255),
(2588, '安龙县', 2580, 255),
(2589, '毕节地区', 24, 255),
(2590, '毕节市', 2589, 255),
(2591, '大方县', 2589, 255),
(2592, '黔西县', 2589, 255),
(2593, '金沙县', 2589, 255),
(2594, '织金县', 2589, 255),
(2595, '纳雍县', 2589, 255),
(2596, '威宁彝族回族苗族自治县', 2589, 255),
(2597, '赫章县', 2589, 255),
(2598, '黔东南苗族侗族自治州', 24, 255),
(2599, '凯里市', 2598, 255),
(2600, '黄平县', 2598, 255),
(2601, '施秉县', 2598, 255),
(2602, '三穗县', 2598, 255),
(2603, '镇远县', 2598, 255),
(2604, '岑巩县', 2598, 255),
(2605, '天柱县', 2598, 255),
(2606, '锦屏县', 2598, 255),
(2607, '剑河县', 2598, 255),
(2608, '台江县', 2598, 255),
(2609, '黎平县', 2598, 255),
(2610, '榕江县', 2598, 255),
(2611, '从江县', 2598, 255),
(2612, '雷山县', 2598, 255),
(2613, '麻江县', 2598, 255),
(2614, '丹寨县', 2598, 255),
(2615, '黔南布依族苗族自治州', 24, 255),
(2616, '都匀市', 2615, 255),
(2617, '福泉市', 2615, 255),
(2618, '荔波县', 2615, 255),
(2619, '贵定县', 2615, 255),
(2620, '瓮安县', 2615, 255),
(2621, '独山县', 2615, 255),
(2622, '平塘县', 2615, 255),
(2623, '罗甸县', 2615, 255),
(2624, '长顺县', 2615, 255),
(2625, '龙里县', 2615, 255),
(2626, '惠水县', 2615, 255),
(2627, '三都水族自治县', 2615, 255),
(2628, '昆明市', 25, 255),
(2629, '五华区', 2628, 255),
(2630, '盘龙区', 2628, 255),
(2631, '官渡区', 2628, 255),
(2632, '西山区', 2628, 255),
(2633, '东川区', 2628, 255),
(2634, '呈贡县', 2628, 255),
(2635, '晋宁县', 2628, 255),
(2636, '富民县', 2628, 255),
(2637, '宜良县', 2628, 255),
(2638, '石林彝族自治县', 2628, 255),
(2639, '嵩明县', 2628, 255),
(2640, '禄劝彝族苗族自治县', 2628, 255),
(2641, '寻甸回族彝族自治县', 2628, 255),
(2642, '安宁市', 2628, 255),
(2643, '曲靖市', 25, 255),
(2644, '麒麟区', 2643, 255),
(2645, '马龙县', 2643, 255),
(2646, '陆良县', 2643, 255),
(2647, '师宗县', 2643, 255),
(2648, '罗平县', 2643, 255),
(2649, '富源县', 2643, 255),
(2650, '会泽县', 2643, 255),
(2651, '沾益县', 2643, 255),
(2652, '宣威市', 2643, 255),
(2653, '玉溪市', 25, 255),
(2654, '红塔区', 2653, 255),
(2655, '江川县', 2653, 255),
(2656, '澄江县', 2653, 255),
(2657, '通海县', 2653, 255),
(2658, '华宁县', 2653, 255),
(2659, '易门县', 2653, 255),
(2660, '峨山彝族自治县', 2653, 255),
(2661, '新平彝族傣族自治县', 2653, 255),
(2662, '元江哈尼族彝族傣族自治县', 2653, 255),
(2663, '保山市', 25, 255),
(2664, '隆阳区', 2663, 255),
(2665, '施甸县', 2663, 255),
(2666, '腾冲县', 2663, 255),
(2667, '龙陵县', 2663, 255),
(2668, '昌宁县', 2663, 255),
(2669, '昭通市', 25, 255),
(2670, '昭阳区', 2669, 255),
(2671, '鲁甸县', 2669, 255),
(2672, '巧家县', 2669, 255),
(2673, '盐津县', 2669, 255),
(2674, '大关县', 2669, 255),
(2675, '永善县', 2669, 255),
(2676, '绥江县', 2669, 255),
(2677, '镇雄县', 2669, 255),
(2678, '彝良县', 2669, 255),
(2679, '威信县', 2669, 255),
(2680, '水富县', 2669, 255),
(2681, '丽江市', 25, 255),
(2682, '古城区', 2681, 255),
(2683, '玉龙纳西族自治县', 2681, 255),
(2684, '永胜县', 2681, 255),
(2685, '华坪县', 2681, 255),
(2686, '宁蒗彝族自治县', 2681, 255),
(2687, '普洱市', 25, 255),
(2688, '思茅区', 2687, 255),
(2689, '宁洱哈尼族彝族自治县', 2687, 255),
(2690, '墨江哈尼族自治县', 2687, 255),
(2691, '景东彝族自治县', 2687, 255),
(2692, '景谷傣族彝族自治县', 2687, 255),
(2693, '镇沅彝族哈尼族拉祜族自治县', 2687, 255),
(2694, '江城哈尼族彝族自治县', 2687, 255),
(2695, '孟连傣族拉祜族佤族自治县', 2687, 255),
(2696, '澜沧拉祜族自治县', 2687, 255),
(2697, '西盟佤族自治县', 2687, 255),
(2698, '临沧市', 25, 255),
(2699, '临翔区', 2698, 255),
(2700, '凤庆县', 2698, 255),
(2701, '云县', 2698, 255),
(2702, '永德县', 2698, 255),
(2703, '镇康县', 2698, 255),
(2704, '双江拉祜族佤族布朗族傣族自治县', 2698, 255),
(2705, '耿马傣族佤族自治县', 2698, 255),
(2706, '沧源佤族自治县', 2698, 255),
(2707, '楚雄彝族自治州', 25, 255),
(2708, '楚雄市', 2707, 255),
(2709, '双柏县', 2707, 255),
(2710, '牟定县', 2707, 255),
(2711, '南华县', 2707, 255),
(2712, '姚安县', 2707, 255),
(2713, '大姚县', 2707, 255),
(2714, '永仁县', 2707, 255),
(2715, '元谋县', 2707, 255),
(2716, '武定县', 2707, 255),
(2717, '禄丰县', 2707, 255),
(2718, '红河哈尼族彝族自治州', 25, 255),
(2719, '个旧市', 2718, 255),
(2720, '开远市', 2718, 255),
(2721, '蒙自县', 2718, 255),
(2722, '屏边苗族自治县', 2718, 255),
(2723, '建水县', 2718, 255),
(2724, '石屏县', 2718, 255),
(2725, '弥勒县', 2718, 255),
(2726, '泸西县', 2718, 255),
(2727, '元阳县', 2718, 255),
(2728, '红河县', 2718, 255),
(2729, '金平苗族瑶族傣族自治县', 2718, 255),
(2730, '绿春县', 2718, 255),
(2731, '河口瑶族自治县', 2718, 255),
(2732, '文山壮族苗族自治州', 25, 255),
(2733, '文山县', 2732, 255),
(2734, '砚山县', 2732, 255),
(2735, '西畴县', 2732, 255),
(2736, '麻栗坡县', 2732, 255),
(2737, '马关县', 2732, 255),
(2738, '丘北县', 2732, 255),
(2739, '广南县', 2732, 255),
(2740, '富宁县', 2732, 255),
(2741, '西双版纳傣族自治州', 25, 255),
(2742, '景洪市', 2741, 255),
(2743, '勐海县', 2741, 255),
(2744, '勐腊县', 2741, 255),
(2745, '大理白族自治州', 25, 255),
(2746, '大理市', 2745, 255),
(2747, '漾濞彝族自治县', 2745, 255),
(2748, '祥云县', 2745, 255),
(2749, '宾川县', 2745, 255),
(2750, '弥渡县', 2745, 255),
(2751, '南涧彝族自治县', 2745, 255),
(2752, '巍山彝族回族自治县', 2745, 255),
(2753, '永平县', 2745, 255),
(2754, '云龙县', 2745, 255),
(2755, '洱源县', 2745, 255),
(2756, '剑川县', 2745, 255),
(2757, '鹤庆县', 2745, 255),
(2758, '德宏傣族景颇族自治州', 25, 255),
(2759, '瑞丽市', 2758, 255),
(2760, '潞西市', 2758, 255),
(2761, '梁河县', 2758, 255),
(2762, '盈江县', 2758, 255),
(2763, '陇川县', 2758, 255),
(2764, '怒江傈僳族自治州', 25, 255),
(2765, '泸水县', 2764, 255),
(2766, '福贡县', 2764, 255),
(2767, '贡山独龙族怒族自治县', 2764, 255),
(2768, '兰坪白族普米族自治县', 2764, 255),
(2769, '迪庆藏族自治州', 25, 255),
(2770, '香格里拉县', 2769, 255),
(2771, '德钦县', 2769, 255),
(2772, '维西傈僳族自治县', 2769, 255),
(2773, '拉萨市', 26, 255),
(2774, '城关区', 2773, 255),
(2775, '林周县', 2773, 255),
(2776, '当雄县', 2773, 255),
(2777, '尼木县', 2773, 255),
(2778, '曲水县', 2773, 255),
(2779, '堆龙德庆县', 2773, 255),
(2780, '达孜县', 2773, 255),
(2781, '墨竹工卡县', 2773, 255),
(2782, '昌都地区', 26, 255),
(2783, '昌都县', 2782, 255),
(2784, '江达县', 2782, 255),
(2785, '贡觉县', 2782, 255),
(2786, '类乌齐县', 2782, 255),
(2787, '丁青县', 2782, 255),
(2788, '察雅县', 2782, 255),
(2789, '八宿县', 2782, 255),
(2790, '左贡县', 2782, 255),
(2791, '芒康县', 2782, 255),
(2792, '洛隆县', 2782, 255),
(2793, '边坝县', 2782, 255),
(2794, '山南地区', 26, 255),
(2795, '乃东县', 2794, 255),
(2796, '扎囊县', 2794, 255),
(2797, '贡嘎县', 2794, 255),
(2798, '桑日县', 2794, 255),
(2799, '琼结县', 2794, 255),
(2800, '曲松县', 2794, 255),
(2801, '措美县', 2794, 255),
(2802, '洛扎县', 2794, 255),
(2803, '加查县', 2794, 255),
(2804, '隆子县', 2794, 255),
(2805, '错那县', 2794, 255),
(2806, '浪卡子县', 2794, 255),
(2807, '日喀则地区', 26, 255),
(2808, '日喀则市', 2807, 255),
(2809, '南木林县', 2807, 255),
(2810, '江孜县', 2807, 255),
(2811, '定日县', 2807, 255),
(2812, '萨迦县', 2807, 255),
(2813, '拉孜县', 2807, 255),
(2814, '昂仁县', 2807, 255),
(2815, '谢通门县', 2807, 255),
(2816, '白朗县', 2807, 255),
(2817, '仁布县', 2807, 255),
(2818, '康马县', 2807, 255),
(2819, '定结县', 2807, 255),
(2820, '仲巴县', 2807, 255),
(2821, '亚东县', 2807, 255),
(2822, '吉隆县', 2807, 255),
(2823, '聂拉木县', 2807, 255),
(2824, '萨嘎县', 2807, 255),
(2825, '岗巴县', 2807, 255),
(2826, '那曲地区', 26, 255),
(2827, '那曲县', 2826, 255),
(2828, '嘉黎县', 2826, 255),
(2829, '比如县', 2826, 255),
(2830, '聂荣县', 2826, 255),
(2831, '安多县', 2826, 255),
(2832, '申扎县', 2826, 255),
(2833, '索县', 2826, 255),
(2834, '班戈县', 2826, 255),
(2835, '巴青县', 2826, 255),
(2836, '尼玛县', 2826, 255),
(2837, '阿里地区', 26, 255),
(2838, '普兰县', 2837, 255),
(2839, '札达县', 2837, 255),
(2840, '噶尔县', 2837, 255),
(2841, '日土县', 2837, 255),
(2842, '革吉县', 2837, 255),
(2843, '改则县', 2837, 255),
(2844, '措勤县', 2837, 255),
(2845, '林芝地区', 26, 255),
(2846, '林芝县', 2845, 255),
(2847, '工布江达县', 2845, 255),
(2848, '米林县', 2845, 255),
(2849, '墨脱县', 2845, 255),
(2850, '波密县', 2845, 255),
(2851, '察隅县', 2845, 255),
(2852, '朗县', 2845, 255),
(2853, '西安市', 27, 255),
(2854, '新城区', 2853, 255),
(2855, '碑林区', 2853, 255),
(2856, '莲湖区', 2853, 255),
(2857, '灞桥区', 2853, 255),
(2858, '未央区', 2853, 255),
(2859, '雁塔区', 2853, 255),
(2860, '阎良区', 2853, 255),
(2861, '临潼区', 2853, 255),
(2862, '长安区', 2853, 255),
(2863, '蓝田县', 2853, 255),
(2864, '周至县', 2853, 255),
(2865, '户县', 2853, 255),
(2866, '高陵县', 2853, 255),
(2867, '铜川市', 27, 255),
(2868, '王益区', 2867, 255),
(2869, '印台区', 2867, 255),
(2870, '耀州区', 2867, 255),
(2871, '宜君县', 2867, 255),
(2872, '宝鸡市', 27, 255),
(2873, '渭滨区', 2872, 255),
(2874, '金台区', 2872, 255),
(2875, '陈仓区', 2872, 255),
(2876, '凤翔县', 2872, 255),
(2877, '岐山县', 2872, 255),
(2878, '扶风县', 2872, 255),
(2879, '眉县', 2872, 255),
(2880, '陇县', 2872, 255),
(2881, '千阳县', 2872, 255),
(2882, '麟游县', 2872, 255),
(2883, '凤县', 2872, 255),
(2884, '太白县', 2872, 255),
(2885, '咸阳市', 27, 255),
(2886, '秦都区', 2885, 255),
(2887, '杨陵区', 2885, 255),
(2888, '渭城区', 2885, 255),
(2889, '三原县', 2885, 255),
(2890, '泾阳县', 2885, 255),
(2891, '乾县', 2885, 255),
(2892, '礼泉县', 2885, 255),
(2893, '永寿县', 2885, 255),
(2894, '彬县', 2885, 255),
(2895, '长武县', 2885, 255),
(2896, '旬邑县', 2885, 255),
(2897, '淳化县', 2885, 255),
(2898, '武功县', 2885, 255),
(2899, '兴平市', 2885, 255),
(2900, '渭南市', 27, 255),
(2901, '临渭区', 2900, 255),
(2902, '华县', 2900, 255),
(2903, '潼关县', 2900, 255),
(2904, '大荔县', 2900, 255),
(2905, '合阳县', 2900, 255),
(2906, '澄城县', 2900, 255),
(2907, '蒲城县', 2900, 255),
(2908, '白水县', 2900, 255),
(2909, '富平县', 2900, 255),
(2910, '韩城市', 2900, 255),
(2911, '华阴市', 2900, 255),
(2912, '延安市', 27, 255),
(2913, '宝塔区', 2912, 255),
(2914, '延长县', 2912, 255),
(2915, '延川县', 2912, 255),
(2916, '子长县', 2912, 255),
(2917, '安塞县', 2912, 255),
(2918, '志丹县', 2912, 255),
(2919, '吴起县', 2912, 255),
(2920, '甘泉县', 2912, 255),
(2921, '富县', 2912, 255),
(2922, '洛川县', 2912, 255),
(2923, '宜川县', 2912, 255),
(2924, '黄龙县', 2912, 255),
(2925, '黄陵县', 2912, 255),
(2926, '汉中市', 27, 255),
(2927, '汉台区', 2926, 255),
(2928, '南郑县', 2926, 255),
(2929, '城固县', 2926, 255),
(2930, '洋县', 2926, 255),
(2931, '西乡县', 2926, 255),
(2932, '勉县', 2926, 255),
(2933, '宁强县', 2926, 255),
(2934, '略阳县', 2926, 255),
(2935, '镇巴县', 2926, 255),
(2936, '留坝县', 2926, 255),
(2937, '佛坪县', 2926, 255),
(2938, '榆林市', 27, 255),
(2939, '榆阳区', 2938, 255),
(2940, '神木县', 2938, 255),
(2941, '府谷县', 2938, 255),
(2942, '横山县', 2938, 255),
(2943, '靖边县', 2938, 255),
(2944, '定边县', 2938, 255),
(2945, '绥德县', 2938, 255),
(2946, '米脂县', 2938, 255),
(2947, '佳县', 2938, 255),
(2948, '吴堡县', 2938, 255),
(2949, '清涧县', 2938, 255),
(2950, '子洲县', 2938, 255),
(2951, '安康市', 27, 255),
(2952, '汉滨区', 2951, 255),
(2953, '汉阴县', 2951, 255),
(2954, '石泉县', 2951, 255),
(2955, '宁陕县', 2951, 255),
(2956, '紫阳县', 2951, 255),
(2957, '岚皋县', 2951, 255),
(2958, '平利县', 2951, 255),
(2959, '镇坪县', 2951, 255),
(2960, '旬阳县', 2951, 255),
(2961, '白河县', 2951, 255),
(2962, '商洛市', 27, 255),
(2963, '商州区', 2962, 255),
(2964, '洛南县', 2962, 255),
(2965, '丹凤县', 2962, 255),
(2966, '商南县', 2962, 255),
(2967, '山阳县', 2962, 255),
(2968, '镇安县', 2962, 255),
(2969, '柞水县', 2962, 255),
(2970, '兰州市', 28, 255),
(2971, '城关区', 2970, 255),
(2972, '七里河区', 2970, 255),
(2973, '西固区', 2970, 255),
(2974, '安宁区', 2970, 255),
(2975, '红古区', 2970, 255),
(2976, '永登县', 2970, 255),
(2977, '皋兰县', 2970, 255),
(2978, '榆中县', 2970, 255),
(2979, '嘉峪关市', 28, 255),
(2980, '', 2979, 255),
(2981, '金昌市', 28, 255),
(2982, '金川区', 2981, 255),
(2983, '永昌县', 2981, 255),
(2984, '白银市', 28, 255),
(2985, '白银区', 2984, 255),
(2986, '平川区', 2984, 255),
(2987, '靖远县', 2984, 255),
(2988, '会宁县', 2984, 255),
(2989, '景泰县', 2984, 255),
(2990, '天水市', 28, 255),
(2991, '秦城区', 2990, 255),
(2992, '麦积区', 2990, 255),
(2993, '清水县', 2990, 255),
(2994, '秦安县', 2990, 255),
(2995, '甘谷县', 2990, 255),
(2996, '武山县', 2990, 255),
(2997, '张家川回族自治县', 2990, 255),
(2998, '武威市', 28, 255),
(2999, '凉州区', 2998, 255),
(3000, '民勤县', 2998, 255),
(3001, '古浪县', 2998, 255),
(3002, '天祝藏族自治县', 2998, 255),
(3003, '张掖市', 28, 255),
(3004, '甘州区', 3003, 255),
(3005, '肃南裕固族自治县', 3003, 255),
(3006, '民乐县', 3003, 255),
(3007, '临泽县', 3003, 255),
(3008, '高台县', 3003, 255),
(3009, '山丹县', 3003, 255),
(3010, '平凉市', 28, 255),
(3011, '崆峒区', 3010, 255),
(3012, '泾川县', 3010, 255),
(3013, '灵台县', 3010, 255),
(3014, '崇信县', 3010, 255),
(3015, '华亭县', 3010, 255),
(3016, '庄浪县', 3010, 255),
(3017, '静宁县', 3010, 255),
(3018, '酒泉市', 28, 255),
(3019, '肃州区', 3018, 255),
(3020, '金塔县', 3018, 255),
(3021, '瓜州县', 3018, 255),
(3022, '肃北蒙古族自治县', 3018, 255),
(3023, '阿克塞哈萨克族自治县', 3018, 255),
(3024, '玉门市', 3018, 255),
(3025, '敦煌市', 3018, 255),
(3026, '庆阳市', 28, 255),
(3027, '西峰区', 3026, 255),
(3028, '庆城县', 3026, 255),
(3029, '环县', 3026, 255),
(3030, '华池县', 3026, 255),
(3031, '合水县', 3026, 255),
(3032, '正宁县', 3026, 255),
(3033, '宁县', 3026, 255),
(3034, '镇原县', 3026, 255),
(3035, '定西市', 28, 255),
(3036, '安定区', 3035, 255),
(3037, '通渭县', 3035, 255),
(3038, '陇西县', 3035, 255),
(3039, '渭源县', 3035, 255),
(3040, '临洮县', 3035, 255),
(3041, '漳县', 3035, 255),
(3042, '岷县', 3035, 255),
(3043, '陇南市', 28, 255),
(3044, '武都区', 3043, 255),
(3045, '成县', 3043, 255),
(3046, '文县', 3043, 255),
(3047, '宕昌县', 3043, 255),
(3048, '康县', 3043, 255),
(3049, '西和县', 3043, 255),
(3050, '礼县', 3043, 255),
(3051, '徽县', 3043, 255),
(3052, '两当县', 3043, 255),
(3053, '临夏回族自治州', 28, 255),
(3054, '临夏市', 3053, 255),
(3055, '临夏县', 3053, 255),
(3056, '康乐县', 3053, 255),
(3057, '永靖县', 3053, 255),
(3058, '广河县', 3053, 255),
(3059, '和政县', 3053, 255),
(3060, '东乡族自治县', 3053, 255),
(3061, '积石山保安族东乡族撒拉族自治县', 3053, 255),
(3062, '甘南藏族自治州', 28, 255),
(3063, '合作市', 3062, 255),
(3064, '临潭县', 3062, 255),
(3065, '卓尼县', 3062, 255),
(3066, '舟曲县', 3062, 255),
(3067, '迭部县', 3062, 255),
(3068, '玛曲县', 3062, 255),
(3069, '碌曲县', 3062, 255),
(3070, '夏河县', 3062, 255),
(3071, '西宁市', 29, 255),
(3072, '城东区', 3071, 255),
(3073, '城中区', 3071, 255),
(3074, '城西区', 3071, 255),
(3075, '城北区', 3071, 255),
(3076, '大通回族土族自治县', 3071, 255),
(3077, '湟中县', 3071, 255),
(3078, '湟源县', 3071, 255),
(3079, '海东地区', 29, 255),
(3080, '平安县', 3079, 255),
(3081, '民和回族土族自治县', 3079, 255),
(3082, '乐都县', 3079, 255),
(3083, '互助土族自治县', 3079, 255),
(3084, '化隆回族自治县', 3079, 255),
(3085, '循化撒拉族自治县', 3079, 255),
(3086, '海北藏族自治州', 29, 255),
(3087, '门源回族自治县', 3086, 255),
(3088, '祁连县', 3086, 255),
(3089, '海晏县', 3086, 255),
(3090, '刚察县', 3086, 255),
(3091, '黄南藏族自治州', 29, 255),
(3092, '同仁县', 3091, 255),
(3093, '尖扎县', 3091, 255),
(3094, '泽库县', 3091, 255),
(3095, '河南蒙古族自治县', 3091, 255),
(3096, '海南藏族自治州', 29, 255),
(3097, '共和县', 3096, 255),
(3098, '同德县', 3096, 255),
(3099, '贵德县', 3096, 255),
(3100, '兴海县', 3096, 255),
(3101, '贵南县', 3096, 255),
(3102, '果洛藏族自治州', 29, 255),
(3103, '玛沁县', 3102, 255),
(3104, '班玛县', 3102, 255),
(3105, '甘德县', 3102, 255),
(3106, '达日县', 3102, 255),
(3107, '久治县', 3102, 255),
(3108, '玛多县', 3102, 255),
(3109, '玉树藏族自治州', 29, 255),
(3110, '玉树县', 3109, 255),
(3111, '杂多县', 3109, 255),
(3112, '称多县', 3109, 255),
(3113, '治多县', 3109, 255),
(3114, '囊谦县', 3109, 255),
(3115, '曲麻莱县', 3109, 255),
(3116, '海西蒙古族藏族自治州', 29, 255),
(3117, '格尔木市', 3116, 255),
(3118, '德令哈市', 3116, 255),
(3119, '乌兰县', 3116, 255),
(3120, '都兰县', 3116, 255),
(3121, '天峻县', 3116, 255),
(3122, '银川市', 30, 255),
(3123, '兴庆区', 3122, 255),
(3124, '西夏区', 3122, 255),
(3125, '金凤区', 3122, 255),
(3126, '永宁县', 3122, 255),
(3127, '贺兰县', 3122, 255),
(3128, '灵武市', 3122, 255),
(3129, '石嘴山市', 30, 255),
(3130, '大武口区', 3129, 255),
(3131, '惠农区', 3129, 255),
(3132, '平罗县', 3129, 255),
(3133, '吴忠市', 30, 255),
(3134, '利通区', 3133, 255),
(3135, '红寺堡区', 3133, 255),
(3136, '盐池县', 3133, 255),
(3137, '同心县', 3133, 255),
(3138, '青铜峡市', 3133, 255),
(3139, '固原市', 30, 255),
(3140, '原州区', 3139, 255),
(3141, '西吉县', 3139, 255),
(3142, '隆德县', 3139, 255),
(3143, '泾源县', 3139, 255),
(3144, '彭阳县', 3139, 255),
(3145, '中卫市', 30, 255),
(3146, '沙坡头区', 3145, 255),
(3147, '中宁县', 3145, 255),
(3148, '海原县', 3145, 255),
(3149, '乌鲁木齐市', 31, 255),
(3150, '天山区', 3149, 255),
(3151, '沙依巴克区', 3149, 255),
(3152, '新市区', 3149, 255),
(3153, '水磨沟区', 3149, 255),
(3154, '头屯河区', 3149, 255),
(3155, '达坂城区', 3149, 255),
(3156, '东山区', 3149, 255),
(3157, '乌鲁木齐县', 3149, 255),
(3158, '克拉玛依市', 31, 255),
(3159, '独山子区', 3158, 255),
(3160, '克拉玛依区', 3158, 255),
(3161, '白碱滩区', 3158, 255),
(3162, '乌尔禾区', 3158, 255),
(3163, '吐鲁番地区', 31, 255),
(3164, '吐鲁番市', 3163, 255),
(3165, '鄯善县', 3163, 255),
(3166, '托克逊县', 3163, 255),
(3167, '哈密地区', 31, 255),
(3168, '哈密市', 3167, 255),
(3169, '巴里坤哈萨克自治县', 3167, 255),
(3170, '伊吾县', 3167, 255),
(3171, '昌吉回族自治州', 31, 255),
(3172, '昌吉市', 3171, 255),
(3173, '阜康市', 3171, 255),
(3174, '呼图壁县', 3171, 255),
(3175, '玛纳斯县', 3171, 255),
(3176, '奇台县', 3171, 255),
(3177, '吉木萨尔县', 3171, 255),
(3178, '木垒哈萨克自治县', 3171, 255),
(3179, '博尔塔拉蒙古自治州', 31, 255),
(3180, '博乐市', 3179, 255),
(3181, '精河县', 3179, 255),
(3182, '温泉县', 3179, 255),
(3183, '巴音郭楞蒙古自治州', 31, 255),
(3184, '库尔勒市', 3183, 255),
(3185, '轮台县', 3183, 255),
(3186, '尉犁县', 3183, 255),
(3187, '若羌县', 3183, 255),
(3188, '且末县', 3183, 255),
(3189, '焉耆回族自治县', 3183, 255),
(3190, '和静县', 3183, 255),
(3191, '和硕县', 3183, 255),
(3192, '博湖县', 3183, 255),
(3193, '阿克苏地区', 31, 255),
(3194, '阿克苏市', 3193, 255),
(3195, '温宿县', 3193, 255),
(3196, '库车县', 3193, 255),
(3197, '沙雅县', 3193, 255),
(3198, '新和县', 3193, 255),
(3199, '拜城县', 3193, 255),
(3200, '乌什县', 3193, 255),
(3201, '阿瓦提县', 3193, 255),
(3202, '柯坪县', 3193, 255),
(3203, '克孜勒苏柯尔克孜自治州', 31, 255),
(3204, '阿图什市', 3203, 255),
(3205, '阿克陶县', 3203, 255),
(3206, '阿合奇县', 3203, 255),
(3207, '乌恰县', 3203, 255),
(3208, '喀什地区', 31, 255),
(3209, '喀什市', 3208, 255),
(3210, '疏附县', 3208, 255),
(3211, '疏勒县', 3208, 255),
(3212, '英吉沙县', 3208, 255),
(3213, '泽普县', 3208, 255),
(3214, '莎车县', 3208, 255),
(3215, '叶城县', 3208, 255),
(3216, '麦盖提县', 3208, 255),
(3217, '岳普湖县', 3208, 255),
(3218, '伽师县', 3208, 255),
(3219, '巴楚县', 3208, 255),
(3220, '塔什库尔干塔吉克自治县', 3208, 255),
(3221, '和田地区', 31, 255),
(3222, '和田市', 3221, 255),
(3223, '和田县', 3221, 255),
(3224, '墨玉县', 3221, 255),
(3225, '皮山县', 3221, 255),
(3226, '洛浦县', 3221, 255),
(3227, '策勒县', 3221, 255),
(3228, '于田县', 3221, 255),
(3229, '民丰县', 3221, 255),
(3230, '伊犁哈萨克自治州', 31, 255),
(3231, '伊宁市', 3230, 255),
(3232, '奎屯市', 3230, 255),
(3233, '伊宁县', 3230, 255),
(3234, '察布查尔锡伯自治县', 3230, 255),
(3235, '霍城县', 3230, 255),
(3236, '巩留县', 3230, 255),
(3237, '新源县', 3230, 255),
(3238, '昭苏县', 3230, 255),
(3239, '特克斯县', 3230, 255),
(3240, '尼勒克县', 3230, 255),
(3241, '塔城地区', 31, 255),
(3242, '塔城市', 3241, 255),
(3243, '乌苏市', 3241, 255),
(3244, '额敏县', 3241, 255),
(3245, '沙湾县', 3241, 255),
(3246, '托里县', 3241, 255),
(3247, '裕民县', 3241, 255),
(3248, '和布克赛尔蒙古自治县', 3241, 255),
(3249, '阿勒泰地区', 31, 255),
(3250, '阿勒泰市', 3249, 255),
(3251, '布尔津县', 3249, 255),
(3252, '富蕴县', 3249, 255),
(3253, '福海县', 3249, 255),
(3254, '哈巴河县', 3249, 255),
(3255, '青河县', 3249, 255),
(3256, '吉木乃县', 3249, 255),
(3257, '石河子市', 31, 255),
(3258, '', 3257, 255),
(3259, '阿拉尔市', 31, 255),
(3260, '', 3259, 255),
(3261, '图木舒克市', 31, 255),
(3262, '', 3261, 255),
(3263, '五家渠市', 31, 255),
(3264, '', 3263, 255),
(3265, '香港岛', 32, 255),
(3266, '中西区', 3265, 255),
(3267, '湾仔区', 3265, 255),
(3268, '东区', 3265, 255),
(3269, '南区', 3265, 255),
(3270, '九龙', 32, 255),
(3271, '油尖旺区', 3270, 255),
(3272, '深水埗区', 3270, 255),
(3273, '九龙城区', 3270, 255),
(3274, '黄大仙区', 3270, 255),
(3275, '观塘区', 3270, 255),
(3276, '新界', 32, 255),
(3277, '荃湾区', 3276, 255),
(3278, '屯门区', 3276, 255),
(3279, '元朗区', 3276, 255),
(3280, '北区', 3276, 255),
(3281, '大埔区', 3276, 255),
(3282, '西贡区', 3276, 255),
(3283, '沙田区', 3276, 255),
(3284, '葵青区', 3276, 255),
(3285, '离岛区', 3276, 255),
(3286, '澳门半岛', 33, 255),
(3287, '花地玛堂区', 3286, 255),
(3288, '圣安多尼堂区', 3286, 255),
(3289, '大堂区', 3286, 255),
(3290, '望德堂区', 3286, 255),
(3291, '风顺堂区', 3286, 255),
(3292, '离岛', 33, 255),
(3293, '凼仔', 3292, 255),
(3294, '路凼城', 3292, 255),
(3295, '路环', 3292, 255),
(3296, '基隆市', 34, 255),
(3297, '仁爱区', 3296, 255),
(3298, '信义区', 3296, 255),
(3299, '中正区', 3296, 255),
(3300, '中山区', 3296, 255),
(3301, '安乐区', 3296, 255),
(3302, '暖暖区', 3296, 255),
(3303, '七堵区', 3296, 255),
(3304, '台北市', 34, 255),
(3305, '中正区', 3304, 255),
(3306, '大同区', 3304, 255),
(3307, '中山区', 3304, 255),
(3308, '松山区', 3304, 255),
(3309, '大安区', 3304, 255),
(3310, '万华区', 3304, 255),
(3311, '信义区', 3304, 255),
(3312, '士林区', 3304, 255),
(3313, '北投区', 3304, 255),
(3314, '内湖区', 3304, 255),
(3315, '南港区', 3304, 255),
(3316, '文山区', 3304, 255),
(3317, '台北县', 34, 255),
(3318, '万里乡', 3317, 255),
(3319, '金山乡', 3317, 255),
(3320, '板桥市', 3317, 255),
(3321, '汐止市', 3317, 255),
(3322, '深坑乡', 3317, 255),
(3323, '石碇乡', 3317, 255),
(3324, '瑞芳镇', 3317, 255),
(3325, '平溪乡', 3317, 255),
(3326, '双溪乡', 3317, 255),
(3327, '贡寮乡', 3317, 255),
(3328, '新店市', 3317, 255),
(3329, '坪林乡', 3317, 255),
(3330, '乌来乡', 3317, 255),
(3331, '永和市', 3317, 255),
(3332, '中和市', 3317, 255),
(3333, '土城市', 3317, 255),
(3334, '三峡镇', 3317, 255),
(3335, '树林市', 3317, 255),
(3336, '莺歌镇', 3317, 255);
INSERT INTO `hcseo_region` (`region_id`, `region_name`, `parent_id`, `sort_order`) VALUES
(3337, '三重市', 3317, 255),
(3338, '新庄市', 3317, 255),
(3339, '泰山乡', 3317, 255),
(3340, '林口乡', 3317, 255),
(3341, '芦洲市', 3317, 255),
(3342, '五股乡', 3317, 255),
(3343, '八里乡', 3317, 255),
(3344, '淡水镇', 3317, 255),
(3345, '三芝乡', 3317, 255),
(3346, '石门乡', 3317, 255),
(3347, '桃园县', 34, 255),
(3348, '中坜市', 3347, 255),
(3349, '平镇市', 3347, 255),
(3350, '龙潭乡', 3347, 255),
(3351, '杨梅镇', 3347, 255),
(3352, '新屋乡', 3347, 255),
(3353, '观音乡', 3347, 255),
(3354, '桃园市', 3347, 255),
(3355, '龟山乡', 3347, 255),
(3356, '八德市', 3347, 255),
(3357, '大溪镇', 3347, 255),
(3358, '复兴乡', 3347, 255),
(3359, '大园乡', 3347, 255),
(3360, '芦竹乡', 3347, 255),
(3361, '新竹市', 34, 255),
(3362, '东区', 3361, 255),
(3363, '香山区', 3361, 255),
(3364, '北区', 3361, 255),
(3365, '新竹县', 34, 255),
(3366, '竹北市', 3365, 255),
(3367, '湖口乡', 3365, 255),
(3368, '新丰乡', 3365, 255),
(3369, '新埔镇', 3365, 255),
(3370, '关西镇', 3365, 255),
(3371, '芎林乡', 3365, 255),
(3372, '宝山乡', 3365, 255),
(3373, '竹东镇', 3365, 255),
(3374, '五峰乡', 3365, 255),
(3375, '横山乡', 3365, 255),
(3376, '尖石乡', 3365, 255),
(3377, '北埔乡', 3365, 255),
(3378, '峨眉乡', 3365, 255),
(3379, '苗栗县', 34, 255),
(3380, '竹南镇', 3379, 255),
(3381, '头份镇', 3379, 255),
(3382, '三湾乡', 3379, 255),
(3383, '南庄乡', 3379, 255),
(3384, '狮潭乡', 3379, 255),
(3385, '后龙镇', 3379, 255),
(3386, '通霄镇', 3379, 255),
(3387, '苑里镇', 3379, 255),
(3388, '苗栗市', 3379, 255),
(3389, '造桥乡', 3379, 255),
(3390, '头屋乡', 3379, 255),
(3391, '公馆乡', 3379, 255),
(3392, '大湖乡', 3379, 255),
(3393, '泰安乡', 3379, 255),
(3394, '铜锣乡', 3379, 255),
(3395, '三义乡', 3379, 255),
(3396, '西湖乡', 3379, 255),
(3397, '卓兰镇', 3379, 255),
(3398, '台中市', 34, 255),
(3399, '中区', 3398, 255),
(3400, '东区', 3398, 255),
(3401, '南区', 3398, 255),
(3402, '西区', 3398, 255),
(3403, '北区', 3398, 255),
(3404, '北屯区', 3398, 255),
(3405, '西屯区', 3398, 255),
(3406, '南屯区', 3398, 255),
(3407, '台中县', 34, 255),
(3408, '太平市', 3407, 255),
(3409, '大里市', 3407, 255),
(3410, '雾峰乡', 3407, 255),
(3411, '乌日乡', 3407, 255),
(3412, '丰原市', 3407, 255),
(3413, '后里乡', 3407, 255),
(3414, '石冈乡', 3407, 255),
(3415, '东势镇', 3407, 255),
(3416, '和平乡', 3407, 255),
(3417, '新社乡', 3407, 255),
(3418, '潭子乡', 3407, 255),
(3419, '大雅乡', 3407, 255),
(3420, '神冈乡', 3407, 255),
(3421, '大肚乡', 3407, 255),
(3422, '沙鹿镇', 3407, 255),
(3423, '龙井乡', 3407, 255),
(3424, '梧栖镇', 3407, 255),
(3425, '清水镇', 3407, 255),
(3426, '大甲镇', 3407, 255),
(3427, '外埔乡', 3407, 255),
(3428, '大安乡', 3407, 255),
(3429, '彰化县', 34, 255),
(3430, '芬园乡', 3429, 255),
(3431, '花坛乡', 3429, 255),
(3432, '秀水乡', 3429, 255),
(3433, '鹿港镇', 3429, 255),
(3434, '福兴乡', 3429, 255),
(3435, '线西乡', 3429, 255),
(3436, '和美镇', 3429, 255),
(3437, '伸港乡', 3429, 255),
(3438, '员林镇', 3429, 255),
(3439, '社头乡', 3429, 255),
(3440, '永靖乡', 3429, 255),
(3441, '埔心乡', 3429, 255),
(3442, '溪湖镇', 3429, 255),
(3443, '大村乡', 3429, 255),
(3444, '埔盐乡', 3429, 255),
(3445, '田中镇', 3429, 255),
(3446, '北斗镇', 3429, 255),
(3447, '田尾乡', 3429, 255),
(3448, '埤头乡', 3429, 255),
(3449, '溪州乡', 3429, 255),
(3450, '竹塘乡', 3429, 255),
(3451, '二林镇', 3429, 255),
(3452, '大城乡', 3429, 255),
(3453, '芳苑乡', 3429, 255),
(3454, '二水乡', 3429, 255),
(3455, '南投县', 34, 255),
(3456, '南投市', 3455, 255),
(3457, '中寮乡', 3455, 255),
(3458, '草屯镇', 3455, 255),
(3459, '国姓乡', 3455, 255),
(3460, '埔里镇', 3455, 255),
(3461, '仁爱乡', 3455, 255),
(3462, '名间乡', 3455, 255),
(3463, '集集镇', 3455, 255),
(3464, '水里乡', 3455, 255),
(3465, '鱼池乡', 3455, 255),
(3466, '信义乡', 3455, 255),
(3467, '竹山镇', 3455, 255),
(3468, '鹿谷乡', 3455, 255),
(3469, '云林县', 34, 255),
(3470, '斗南镇', 3469, 255),
(3471, '大埤乡', 3469, 255),
(3472, '虎尾镇', 3469, 255),
(3473, '土库镇', 3469, 255),
(3474, '褒忠乡', 3469, 255),
(3475, '东势乡', 3469, 255),
(3476, '台西乡', 3469, 255),
(3477, '仑背乡', 3469, 255),
(3478, '麦寮乡', 3469, 255),
(3479, '斗六市', 3469, 255),
(3480, '林内乡', 3469, 255),
(3481, '古坑乡', 3469, 255),
(3482, '莿桐乡', 3469, 255),
(3483, '西螺镇', 3469, 255),
(3484, '二仑乡', 3469, 255),
(3485, '北港镇', 3469, 255),
(3486, '水林乡', 3469, 255),
(3487, '口湖乡', 3469, 255),
(3488, '四湖乡', 3469, 255),
(3489, '元长乡', 3469, 255),
(3490, '嘉义市', 34, 255),
(3491, '东区', 3490, 255),
(3492, '西区', 3490, 255),
(3493, '嘉义县', 34, 255),
(3494, '番路乡', 3493, 255),
(3495, '梅山乡', 3493, 255),
(3496, '竹崎乡', 3493, 255),
(3497, '阿里山乡', 3493, 255),
(3498, '中埔乡', 3493, 255),
(3499, '大埔乡', 3493, 255),
(3500, '水上乡', 3493, 255),
(3501, '鹿草乡', 3493, 255),
(3502, '太保市', 3493, 255),
(3503, '朴子市', 3493, 255),
(3504, '东石乡', 3493, 255),
(3505, '六脚乡', 3493, 255),
(3506, '新港乡', 3493, 255),
(3507, '民雄乡', 3493, 255),
(3508, '大林镇', 3493, 255),
(3509, '溪口乡', 3493, 255),
(3510, '义竹乡', 3493, 255),
(3511, '布袋镇', 3493, 255),
(3512, '台南市', 34, 255),
(3513, '中西区', 3512, 255),
(3514, '东区', 3512, 255),
(3515, '南区', 3512, 255),
(3516, '北区', 3512, 255),
(3517, '安平区', 3512, 255),
(3518, '安南区', 3512, 255),
(3519, '台南县', 34, 255),
(3520, '永康市', 3519, 255),
(3521, '归仁乡', 3519, 255),
(3522, '新化镇', 3519, 255),
(3523, '左镇乡', 3519, 255),
(3524, '玉井乡', 3519, 255),
(3525, '楠西乡', 3519, 255),
(3526, '南化乡', 3519, 255),
(3527, '仁德乡', 3519, 255),
(3528, '关庙乡', 3519, 255),
(3529, '龙崎乡', 3519, 255),
(3530, '官田乡', 3519, 255),
(3531, '麻豆镇', 3519, 255),
(3532, '佳里镇', 3519, 255),
(3533, '西港乡', 3519, 255),
(3534, '七股乡', 3519, 255),
(3535, '将军乡', 3519, 255),
(3536, '学甲镇', 3519, 255),
(3537, '北门乡', 3519, 255),
(3538, '新营市', 3519, 255),
(3539, '后壁乡', 3519, 255),
(3540, '白河镇', 3519, 255),
(3541, '东山乡', 3519, 255),
(3542, '六甲乡', 3519, 255),
(3543, '下营乡', 3519, 255),
(3544, '柳营乡', 3519, 255),
(3545, '盐水镇', 3519, 255),
(3546, '善化镇', 3519, 255),
(3547, '大内乡', 3519, 255),
(3548, '山上乡', 3519, 255),
(3549, '新市乡', 3519, 255),
(3550, '安定乡', 3519, 255),
(3551, '高雄市', 34, 255),
(3552, '新兴区', 3551, 255),
(3553, '前金区', 3551, 255),
(3554, '苓雅区', 3551, 255),
(3555, '盐埕区', 3551, 255),
(3556, '鼓山区', 3551, 255),
(3557, '旗津区', 3551, 255),
(3558, '前镇区', 3551, 255),
(3559, '三民区', 3551, 255),
(3560, '楠梓区', 3551, 255),
(3561, '小港区', 3551, 255),
(3562, '左营区', 3551, 255),
(3563, '高雄县', 34, 255),
(3564, '仁武乡', 3563, 255),
(3565, '大社乡', 3563, 255),
(3566, '冈山镇', 3563, 255),
(3567, '路竹乡', 3563, 255),
(3568, '阿莲乡', 3563, 255),
(3569, '田寮乡', 3563, 255),
(3570, '燕巢乡', 3563, 255),
(3571, '桥头乡', 3563, 255),
(3572, '梓官乡', 3563, 255),
(3573, '弥陀乡', 3563, 255),
(3574, '永安乡', 3563, 255),
(3575, '湖内乡', 3563, 255),
(3576, '凤山市', 3563, 255),
(3577, '大寮乡', 3563, 255),
(3578, '林园乡', 3563, 255),
(3579, '鸟松乡', 3563, 255),
(3580, '大树乡', 3563, 255),
(3581, '旗山镇', 3563, 255),
(3582, '美浓镇', 3563, 255),
(3583, '六龟乡', 3563, 255),
(3584, '内门乡', 3563, 255),
(3585, '杉林乡', 3563, 255),
(3586, '甲仙乡', 3563, 255),
(3587, '桃源乡', 3563, 255),
(3588, '三民乡', 3563, 255),
(3589, '茂林乡', 3563, 255),
(3590, '茄萣乡', 3563, 255),
(3591, '屏东县', 34, 255),
(3592, '屏东市', 3591, 255),
(3593, '三地门乡', 3591, 255),
(3594, '雾台乡', 3591, 255),
(3595, '玛家乡', 3591, 255),
(3596, '九如乡', 3591, 255),
(3597, '里港乡', 3591, 255),
(3598, '高树乡', 3591, 255),
(3599, '盐埔乡', 3591, 255),
(3600, '长治乡', 3591, 255),
(3601, '麟洛乡', 3591, 255),
(3602, '竹田乡', 3591, 255),
(3603, '内埔乡', 3591, 255),
(3604, '万丹乡', 3591, 255),
(3605, '潮州镇', 3591, 255),
(3606, '泰武乡', 3591, 255),
(3607, '来义乡', 3591, 255),
(3608, '万峦乡', 3591, 255),
(3609, '崁顶乡', 3591, 255),
(3610, '新埤乡', 3591, 255),
(3611, '南州乡', 3591, 255),
(3612, '林边乡', 3591, 255),
(3613, '东港镇', 3591, 255),
(3614, '琉球乡', 3591, 255),
(3615, '佳冬乡', 3591, 255),
(3616, '新园乡', 3591, 255),
(3617, '枋寮乡', 3591, 255),
(3618, '枋山乡', 3591, 255),
(3619, '春日乡', 3591, 255),
(3620, '狮子乡', 3591, 255),
(3621, '车城乡', 3591, 255),
(3622, '牡丹乡', 3591, 255),
(3623, '恒春镇', 3591, 255),
(3624, '满州乡', 3591, 255),
(3625, '台东县', 34, 255),
(3626, '台东市', 3625, 255),
(3627, '绿岛乡', 3625, 255),
(3628, '兰屿乡', 3625, 255),
(3629, '延平乡', 3625, 255),
(3630, '卑南乡', 3625, 255),
(3631, '鹿野乡', 3625, 255),
(3632, '关山镇', 3625, 255),
(3633, '海端乡', 3625, 255),
(3634, '池上乡', 3625, 255),
(3635, '东河乡', 3625, 255),
(3636, '成功镇', 3625, 255),
(3637, '长滨乡', 3625, 255),
(3638, '太麻里乡', 3625, 255),
(3639, '金峰乡', 3625, 255),
(3640, '大武乡', 3625, 255),
(3641, '达仁乡', 3625, 255),
(3642, '花莲县', 34, 255),
(3643, '花莲市', 3642, 255),
(3644, '新城乡', 3642, 255),
(3645, '秀林乡', 3642, 255),
(3646, '吉安乡', 3642, 255),
(3647, '寿丰乡', 3642, 255),
(3648, '凤林镇', 3642, 255),
(3649, '光复乡', 3642, 255),
(3650, '丰滨乡', 3642, 255),
(3651, '瑞穗乡', 3642, 255),
(3652, '万荣乡', 3642, 255),
(3653, '玉里镇', 3642, 255),
(3654, '卓溪乡', 3642, 255),
(3655, '富里乡', 3642, 255),
(3656, '宜兰县', 34, 255),
(3657, '头城镇', 3656, 255),
(3658, '礁溪乡', 3656, 255),
(3659, '壮围乡', 3656, 255),
(3660, '员山乡', 3656, 255),
(3661, '罗东镇', 3656, 255),
(3662, '三星乡', 3656, 255),
(3663, '大同乡', 3656, 255),
(3664, '五结乡', 3656, 255),
(3665, '冬山乡', 3656, 255),
(3666, '苏澳镇', 3656, 255),
(3667, '南澳乡', 3656, 255),
(3668, '澎湖县', 34, 255),
(3669, '马公市', 3668, 255),
(3670, '西屿乡', 3668, 255),
(3671, '望安乡', 3668, 255),
(3672, '七美乡', 3668, 255),
(3673, '白沙乡', 3668, 255),
(3674, '湖西乡', 3668, 255),
(3675, '金门县', 34, 255),
(3676, '金沙镇', 1168, 255),
(3677, '金湖镇', 1168, 255),
(3678, '金宁乡', 1168, 255),
(3679, '金城镇', 1168, 255),
(3680, '烈屿乡', 1168, 255),
(3681, '乌坵乡', 1168, 255),
(3682, '连江县', 34, 255),
(3683, '南竿乡', 1126, 255),
(3684, '北竿乡', 1126, 255),
(3685, '莒光乡', 1126, 255),
(3686, '东引乡', 1126, 255);

-- --------------------------------------------------------

--
-- 表的结构 `hcseo_search`
--

CREATE TABLE IF NOT EXISTS `hcseo_search` (
  `id` int(11) NOT NULL AUTO_INCREMENT,
  `cfrom` varchar(80) COLLATE utf8_unicode_ci NOT NULL,
  `cfrom_id` int(8) NOT NULL,
  `cid` int(8) NOT NULL,
  `name` varchar(255) COLLATE utf8_unicode_ci NOT NULL,
  `content` text COLLATE utf8_unicode_ci NOT NULL,
  `postdate` int(8) NOT NULL,
  `editdate` int(8) NOT NULL,
  PRIMARY KEY (`id`)
) ENGINE=MyISAM  DEFAULT CHARSET=utf8 COLLATE=utf8_unicode_ci AUTO_INCREMENT=154 ;

--
-- 转存表中的数据 `hcseo_search`
--

INSERT INTO `hcseo_search` (`id`, `cfrom`, `cfrom_id`, `cid`, `name`, `content`, `postdate`, `editdate`) VALUES
(146, 'Title', 1, 188, 'Wall', '<p class=\\"lg22\\" style=\\"margin-top: 80px\\">\r\n	The Vo Living team are experts who specialize in granite, tile, hardwoods, and cabinets. Utilizing our large selection of materials, we give customers a new renovating experience and aim to provide them with a one stop shop where everything they may need for their renovation projects can be found. Having over 15 years of experience, we have the high quality craftsmanship and the latest technology required to fabricate materials that match our designer&rsquo;s or client&rsquo;s needs. From the kitchen to the bathroom, Vo Living will provide you with everything and help make your vision a reality.</p>\r\n', 1421199563, 1421199638),
(147, 'Title', 3, 188, 'Bathroom', '<p class=\\"lg22\\" style=\\"margin-top: 80px\\">\r\n	The Vo Living team are experts who specialize in granite, tile, hardwoods, and cabinets. Utilizing our large selection of materials, we give customers a new renovating experience and aim to provide them with a one stop shop where everything they may need for their renovation projects can be found. Having over 15 years of experience, we have the high quality craftsmanship and the latest technology required to fabricate materials that match our designer&rsquo;s or client&rsquo;s needs. From the kitchen to the bathroom, Vo Living will provide you with everything and help make your vision a reality.</p>\r\n', 1421199624, 0),
(148, 'Title', 2, 188, 'Flooring', '<p class=\\"lg22\\" style=\\"margin-top: 80px\\">\r\n	The Vo Living team are experts who specialize in granite, tile, hardwoods, and cabinets. Utilizing our large selection of materials, we give customers a new renovating experience and aim to provide them with a one stop shop where everything they may need for their renovation projects can be found. Having over 15 years of experience, we have the high quality craftsmanship and the latest technology required to fabricate materials that match our designer&rsquo;s or client&rsquo;s needs. From the kitchen to the bathroom, Vo Living will provide you with everything and help make your vision a reality.</p>\r\n', 1421199634, 0),
(149, 'Gallery', 9, 190, 'Test3', '', 1421202277, 1421202326),
(150, 'Gallery', 10, 190, 'Test2', '', 1421202320, 0),
(152, 'News', 3, 201, '皇室迷梦', '<p>\r\n	<strong><span style="color: rgb(71, 71, 70); font-family: ''Microsoft YaHei''; line-height: 20px; background-color: rgb(240, 232, 206);">Sophia kah品牌主营高级女装，品牌由Ana Teixeira de Sousa创立于2010年。Sophia kah的动人创意设计精心，旨在构建一个外观完整的整体风格，打造别致的现代女人形象，可以肯定的是，精致的风格将使</span></strong></p>\r\n', 1438585800, 1438650772),
(153, 'News', 4, 201, '皇室迷梦', '<pre style="color: rgb(0, 0, 0); font-family: 宋体; font-size: 12pt;">\r\n<span style="background-color:#efefef;"><!--</span--><span style="color:#000080;background-color:#efefef;font-weight:bold;">volist</span><span style="background-color:#efefef;">&gt;</span></span></pre>\r\n', 1438585964, 1438650753);

-- --------------------------------------------------------

--
-- 表的结构 `hcseo_settings`
--

CREATE TABLE IF NOT EXISTS `hcseo_settings` (
  `id` int(11) NOT NULL AUTO_INCREMENT,
  `ischecked` tinyint(1) NOT NULL,
  `postdate` varchar(18) COLLATE utf8_unicode_ci NOT NULL,
  `editdate` varchar(18) COLLATE utf8_unicode_ci NOT NULL,
  `attachsize` varchar(255) COLLATE utf8_unicode_ci DEFAULT NULL,
  `attachext` varchar(255) COLLATE utf8_unicode_ci DEFAULT NULL,
  `iswater` varchar(255) COLLATE utf8_unicode_ci DEFAULT NULL,
  `maskimg` varchar(255) COLLATE utf8_unicode_ci DEFAULT NULL,
  `filesize` varchar(255) COLLATE utf8_unicode_ci DEFAULT NULL,
  `lang` varchar(8) COLLATE utf8_unicode_ci NOT NULL,
  `indexTitle` varchar(255) COLLATE utf8_unicode_ci DEFAULT NULL,
  `indexKeyword` varchar(255) COLLATE utf8_unicode_ci DEFAULT NULL,
  `indexDiscription` varchar(255) COLLATE utf8_unicode_ci DEFAULT NULL,
  `image` varchar(255) COLLATE utf8_unicode_ci DEFAULT NULL,
  `contactus` text COLLATE utf8_unicode_ci,
  `logo` varchar(255) COLLATE utf8_unicode_ci DEFAULT NULL,
  `title` varchar(255) COLLATE utf8_unicode_ci DEFAULT NULL,
  `facebook` varchar(255) COLLATE utf8_unicode_ci DEFAULT NULL,
  `twitter` varchar(255) COLLATE utf8_unicode_ci DEFAULT NULL,
  `copyright` varchar(255) COLLATE utf8_unicode_ci DEFAULT NULL,
  `top_location` varchar(255) COLLATE utf8_unicode_ci DEFAULT NULL,
  `index_text` text COLLATE utf8_unicode_ci,
  `about` text COLLATE utf8_unicode_ci,
  `about_images` varchar(255) COLLATE utf8_unicode_ci DEFAULT NULL,
  `contact` text COLLATE utf8_unicode_ci,
  `Carrer` text COLLATE utf8_unicode_ci,
  `map` varchar(255) COLLATE utf8_unicode_ci DEFAULT NULL,
  `gallery` varchar(255) COLLATE utf8_unicode_ci DEFAULT NULL,
  `top` varchar(255) COLLATE utf8_unicode_ci NOT NULL,
  PRIMARY KEY (`id`),
  UNIQUE KEY `id` (`id`)
) ENGINE=MyISAM  DEFAULT CHARSET=utf8 COLLATE=utf8_unicode_ci AUTO_INCREMENT=6 ;

--
-- 转存表中的数据 `hcseo_settings`
--

INSERT INTO `hcseo_settings` (`id`, `ischecked`, `postdate`, `editdate`, `attachsize`, `attachext`, `iswater`, `maskimg`, `filesize`, `lang`, `indexTitle`, `indexKeyword`, `indexDiscription`, `image`, `contactus`, `logo`, `title`, `facebook`, `twitter`, `copyright`, `top_location`, `index_text`, `about`, `about_images`, `contact`, `Carrer`, `map`, `gallery`, `top`) VALUES
(5, 0, '', '', '', 'jpg,gif,png', '否', NULL, '', 'en', 'KERRYA', 'KERRYA', 'KERRYA', '__ROOT__/Attachments/b/20140310/531d57440c068.png', '<br />\r\n<h3 style=\\"color:#343434; font-weight:bold; margin-bottom:10px;\\">\r\n	Hours of Operation</h3>\r\n<p>\r\n	Mon - Fri 7:30-12:00 / 1:00-4:30</p>\r\n<p>\r\n	Sat 8:00-12:00</p>\r\n<p>\r\n	Sun Closed</p>\r\n<br />\r\n<br />\r\n<h3 style=\\"color:#343434; font-weight:bold; margin-bottom:10px;\\">\r\n	Contact Us</h3>\r\n<p>\r\n	403.208.8808</p>\r\n<p>\r\n	403.291.8808</p>\r\n<p>\r\n	info@kingswoodinteriors.ca</p>\r\n', '__ROOT__/Attachments/b/20150803/1438572818CD5JLw7Q4i.png', 'KERRYA', 'kerrya@facebook.com', 'kerrya@twitter.com', '© 2015 KERRYA Ltd. All Rights are reserved.', 'LOCATION: 2821 16 Ave SE Calgary, AB T2A 0M7 | TEL: 403.272.8836', '<table style="width: 500px;">\r\n	<tbody>\r\n		<tr>\r\n			<td>\r\n				<p>\r\n					&nbsp;</p>\r\n				<p>\r\n					&nbsp;</p>\r\n				<p>\r\n					<span style="font-family: monospace; white-space: pre-wrap;">作为一家以服装为主的集团企业，《凯莉娅集团》始终坚持自己的使命：以最为精致的服饰，最为合理的价格提供给相信凯莉娅的人士们，以创新式开发理念，一站式的优质服务，打造国际第一高端品牌。</span></p>\r\n			</td>\r\n		</tr>\r\n	</tbody>\r\n</table>\r\n<p>\r\n	&nbsp;</p>\r\n', '<p>\r\n	<span style="color: rgb(0, 0, 0); font-family: monospace; font-size: medium; white-space: pre-wrap;">法国凯莉娅集团 (FRENCH KARLIA GROUP)自创建以来，集团始终站在世界潮流的前沿，以&ldquo;打造世界名牌&rdquo;为目标，为大都市的时尚潮人打造极致优雅形象，并荣获中央电视台授权为其形象服装高级定制。集团一直坚持&ldquo;诚信、卓越、创新、奉献&rdquo;的经营理念，现已发展成为以产品研发为核心导向，集生产、营销、管理、务服为一体的多元化现代企业。在发展中始终坚持稳中求进，精益求精的发展思路，专注市场的需求，关注生产品的研发，强化人力的培养和管理。我们坚信在集团所有合作伙伴及全体的同仁不懈努力下，法国凯莉娅集团 (FRENCH KARLIA GROUP)一定会成为深受社会尊敬，同行敬仰的企业。</span></p>\r\n', '7', '<p>\r\n	&nbsp;</p>\r\n<table cellspacing="3" class="info" style="width: 800px;">\r\n	<tbody>\r\n		<tr>\r\n			<td class="fw dan-green" style="width: 148px;">\r\n				President :&nbsp;</td>\r\n			<td>\r\n				Andy Vo &nbsp; &nbsp; &nbsp; andy.vo@voliving.ca</td>\r\n			<td>\r\n				&nbsp; &nbsp; &nbsp; &nbsp; &nbsp; &nbsp; &nbsp; &nbsp; &nbsp;</td>\r\n			<td>\r\n				&nbsp;</td>\r\n			<td>\r\n				&nbsp;</td>\r\n		</tr>\r\n		<tr>\r\n			<td class="fw dan-green">\r\n				General Manager:</td>\r\n			<td>\r\n				Eddy Yu &nbsp; &nbsp; &nbsp; eddy.yu@voliving.ca</td>\r\n			<td>\r\n				&nbsp;</td>\r\n			<td>\r\n				&nbsp;</td>\r\n			<td>\r\n				&nbsp;</td>\r\n		</tr>\r\n		<tr>\r\n			<td class="fw dan-green">\r\n				Order Desk:</td>\r\n			<td>\r\n				<pre style="color: rgb(0, 0, 0); font-family: 宋体; font-size: 12pt;">\r\n0000000@163.com</pre>\r\n			</td>\r\n			<td>\r\n				&nbsp;</td>\r\n			<td>\r\n				&nbsp;</td>\r\n			<td>\r\n				&nbsp;</td>\r\n		</tr>\r\n		<tr>\r\n			<td class="fw dan-green">\r\n				&nbsp;</td>\r\n			<td>\r\n				&nbsp;</td>\r\n			<td>\r\n				&nbsp;</td>\r\n			<td>\r\n				&nbsp;</td>\r\n			<td>\r\n				&nbsp;</td>\r\n		</tr>\r\n		<tr>\r\n			<td class="fw dan-green">\r\n				Phone Number:</td>\r\n			<td>\r\n				<span style="color: rgb(0, 0, 0); font-family: 宋体; font-size: 12pt;">公司总机：</span><span style="color: rgb(0, 0, 0); font-family: 宋体; font-size: 12pt;">020-81000000/22</span></td>\r\n			<td>\r\n				&nbsp;</td>\r\n			<td>\r\n				&nbsp;</td>\r\n			<td>\r\n				&nbsp;</td>\r\n		</tr>\r\n		<tr>\r\n			<td class="fw dan-green">\r\n				Fax &nbsp; &nbsp; Number:</td>\r\n			<td>\r\n				<span style="color: rgb(0, 0, 0); font-family: 宋体; font-size: 12pt;">服务热线：</span><span style="color: rgb(0, 0, 0); font-family: 宋体; font-size: 12pt;">4008-000-888</span></td>\r\n			<td>\r\n				&nbsp;</td>\r\n			<td>\r\n				&nbsp;</td>\r\n			<td>\r\n				&nbsp;</td>\r\n		</tr>\r\n	</tbody>\r\n</table>\r\n<p>\r\n	&nbsp;</p>\r\n', '<p>\r\n	&nbsp; &nbsp; &nbsp; &nbsp; It is our belief that in order to make our clients happy, we must first give a safe and uplifting environment for our staff. When our staff spends each day with a smile, they are able to pass on that smile to each of our clients and provide them with a shopping experience that makes their project enjoyable and fun. When it comes to customer service, Vo Living sticks with the tried and true method of keeping the customer&rsquo;s needs first. If you show any interest in becoming a part of the Vo Living team and wish to help us in providing the best service and highest quality craftsmanship to our customers and their projects, send us an email or upload your resume to the contact info provided.</p>\r\n<p>\r\n	&nbsp;</p>\r\n<p>\r\n	<strong><em>We are currently looking for these positions to expand our team:</em></strong></p>\r\n<ul>\r\n	<li>\r\n		Designers of all types,</li>\r\n	<li>\r\n		Sales attendant/Managers</li>\r\n	<li>\r\n		Project Managers</li>\r\n	<li>\r\n		Installation</li>\r\n	<li>\r\n		Fabricator</li>\r\n	<li>\r\n		Assistants</li>\r\n	<li>\r\n		Administration</li>\r\n</ul>\r\n', '__ROOT__/Public/en/images/map.png', NULL, '');

-- --------------------------------------------------------

--
-- 表的结构 `hcseo_siteinfo`
--

CREATE TABLE IF NOT EXISTS `hcseo_siteinfo` (
  `id` int(11) NOT NULL AUTO_INCREMENT,
  `default_lang` varchar(8) COLLATE utf8_unicode_ci NOT NULL,
  `lang` varchar(50) COLLATE utf8_unicode_ci NOT NULL,
  `lang_name` varchar(255) COLLATE utf8_unicode_ci NOT NULL,
  `lang_images` varchar(255) COLLATE utf8_unicode_ci NOT NULL,
  `site_name` varchar(80) COLLATE utf8_unicode_ci NOT NULL,
  `link_man` varchar(20) COLLATE utf8_unicode_ci NOT NULL,
  `start_time` int(8) NOT NULL,
  `addday` int(4) NOT NULL,
  `editday` int(8) NOT NULL,
  PRIMARY KEY (`id`)
) ENGINE=MyISAM  DEFAULT CHARSET=utf8 COLLATE=utf8_unicode_ci AUTO_INCREMENT=2 ;

--
-- 转存表中的数据 `hcseo_siteinfo`
--

INSERT INTO `hcseo_siteinfo` (`id`, `default_lang`, `lang`, `lang_name`, `lang_images`, `site_name`, `link_man`, `start_time`, `addday`, `editday`) VALUES
(1, 'en', 'en', 'English', 'uk', '默认', 'little', 0, 2013, 2013);

-- --------------------------------------------------------

--
-- 表的结构 `hcseo_stone`
--

CREATE TABLE IF NOT EXISTS `hcseo_stone` (
  `id` int(11) NOT NULL AUTO_INCREMENT,
  `ischecked` tinyint(1) NOT NULL DEFAULT '1',
  `isgood` tinyint(1) NOT NULL DEFAULT '0',
  `cid` int(8) NOT NULL DEFAULT '0',
  `postdate` varchar(18) COLLATE utf8_unicode_ci NOT NULL,
  `editdate` varchar(18) COLLATE utf8_unicode_ci NOT NULL,
  `hits` int(8) NOT NULL DEFAULT '0',
  `lang` varchar(18) COLLATE utf8_unicode_ci DEFAULT NULL,
  `displayorder` int(8) NOT NULL DEFAULT '0',
  `name` varchar(255) COLLATE utf8_unicode_ci DEFAULT NULL,
  `number` varchar(255) COLLATE utf8_unicode_ci DEFAULT NULL,
  `attachment` varchar(255) COLLATE utf8_unicode_ci DEFAULT NULL,
  PRIMARY KEY (`id`),
  UNIQUE KEY `id` (`id`)
) ENGINE=MyISAM  DEFAULT CHARSET=utf8 COLLATE=utf8_unicode_ci AUTO_INCREMENT=50 ;

--
-- 转存表中的数据 `hcseo_stone`
--

INSERT INTO `hcseo_stone` (`id`, `ischecked`, `isgood`, `cid`, `postdate`, `editdate`, `hits`, `lang`, `displayorder`, `name`, `number`, `attachment`) VALUES
(6, 1, 0, 182, '1425285040', '1425285040', 0, 'en', 0, 'azul-eyes VSG005', '', '/Attachments/b/20150302/1425285040D71YRBYOjE.jpg'),
(7, 1, 0, 182, '1425285068', '1425285068', 0, 'en', 0, 'azul-tormento VSG006', '', '/Attachments/b/20150302/1425285067flqADvAmLq.jpg'),
(8, 1, 0, 182, '1425285098', '1425285098', 0, 'en', 0, 'baltic-green VSG007', '', '/Attachments/b/20150302/1425285098jIyMpyWIsk.jpg'),
(9, 1, 0, 182, '1425285137', '1425285137', 0, 'en', 0, 'Blue-Jean VSG001', '', '/Attachments/b/20150302/1425285136OjAjfsXbMf.jpg'),
(10, 1, 0, 182, '1425285213', '1425285213', 0, 'en', 0, 'brown-antique-leather VSG002', '', '/Attachments/b/20150302/1425285213M6Ah8iYI0I.jpg'),
(11, 1, 0, 182, '1425285296', '1425285296', 0, 'en', 0, 'cappuccino-polished VSG003', '', '/Attachments/b/20150302/1425285296sljFu9PaZI.jpg'),
(12, 1, 0, 182, '1425285415', '1425285415', 0, 'en', 0, 'cappuccinoVC-polished VSG004', '', '/Attachments/b/20150302/1425285415JKE8aKQLBT.jpg'),
(13, 1, 0, 183, '1425285496', '1425285496', 0, 'en', 0, 'beach iceberg VSQ001', '', '/Attachments/b/20150302/14252854960EIQy0cRp1.jpg'),
(14, 1, 0, 183, '1425285521', '1425285521', 0, 'en', 0, 'Blue-River VSQ002', '', '/Attachments/b/20150302/14252855217zfj03Mabx.jpg'),
(15, 1, 0, 183, '1425285544', '1425285544', 0, 'en', 0, 'Labbe- VSQ003', '', '/Attachments/b/20150302/1425285544WB5woYbMsf.jpg'),
(16, 1, 0, 183, '1425285707', '1425285707', 0, 'en', 0, 'Leste- VSQ004', '', '/Attachments/b/20150302/1425285707BCVC5JJmPt.jpg'),
(17, 1, 0, 183, '1425285729', '1425285729', 0, 'en', 0, 'Mirror-black-VSQ005', '', '/Attachments/b/20150302/142528572994abVyq60s.jpg'),
(18, 1, 0, 183, '1425285778', '1425285778', 0, 'en', 0, 'Nirta-VSQ006', '', '/Attachments/b/20150302/1425285777O5VjNFE0TH.jpg'),
(19, 1, 0, 183, '1425285821', '1425285821', 0, 'en', 0, 'Shamal-VSQ007', '', '/Attachments/b/20150302/1425285821POM3gvPsUG.jpg'),
(20, 1, 0, 183, '1425285851', '1425285851', 0, 'en', 0, 'Uni-Stone-Beach-Africa VSQ008', '', '/Attachments/b/20150302/1425285851IAUCuIV0we.jpg'),
(21, 1, 0, 183, '1425285912', '1425285912', 0, 'en', 0, 'Uni-Stone-Beach-Grey VSQ009', '', '/Attachments/b/20150302/1425285912W6vPD1eTd9.jpg'),
(22, 1, 0, 183, '1425285938', '1425285938', 0, 'en', 0, 'Uni-Stone-Belgian-Miner VSQ0010', '', '/Attachments/b/20150302/1425285937NLIXAnM0po.jpg'),
(23, 1, 0, 183, '1425285960', '1425285960', 0, 'en', 0, 'Unistone-Crema-Gepolijst VSQ0011', '', '/Attachments/b/20150302/1425285960VZ3zk1jgMN.jpg'),
(24, 1, 0, 183, '1425285985', '1425285985', 0, 'en', 0, 'Unistone-Nero-Assoluto VSQ0012', '', '/Attachments/b/20150302/1425285985frSciSBIvz.jpg'),
(25, 1, 0, 183, '1425286008', '1425286008', 0, 'en', 0, 'Unistone-Nero-Galactica-Polished VSQ0013', '', '/Attachments/b/20150302/14252860080oZh1vtvcs.jpg'),
(26, 1, 0, 183, '1425286045', '1425286045', 0, 'en', 0, 'Uni-Stone-Premium-Cotton-Beige VSQ0014', '', '/Attachments/b/20150302/1425286045955pDKRxhy.jpg'),
(27, 1, 0, 183, '1425286068', '1425286068', 0, 'en', 0, 'Uni-Stone-Premium-Marron-Brown VSQ0015', '', '/Attachments/b/20150302/1425286068GIdbxVYd3U.jpg'),
(28, 1, 0, 184, '1425286108', '1425286108', 0, 'en', 0, 'Alpenina VSM001', '', '/Attachments/b/20150302/1425286108mpM6QBvc1p.jpg'),
(29, 1, 0, 184, '1425286140', '1425286140', 0, 'en', 0, 'Arabescato_Vagli  VSM002', '', '/Attachments/b/20150302/1425286140aNLvHLtKYa.jpg'),
(30, 1, 0, 184, '1425286161', '1425286161', 0, 'en', 0, 'BRANCO-CABOUCA-HONED  VSM003', '', '/Attachments/b/20150302/14252861612vrw6p8bha.jpg'),
(31, 1, 0, 184, '1425286183', '1425286183', 0, 'en', 0, 'Crema_Valencia  VSM004', '', '/Attachments/b/20150302/1425286183VZ3zk1jgMN.jpg'),
(32, 1, 0, 184, '1425286211', '1425286211', 0, 'en', 0, 'Gascoigne_Blue  VSM005', '', '/Attachments/b/20150302/1425286211AqLEM9GTre.jpg'),
(33, 1, 0, 184, '1425286242', '1425286242', 0, 'en', 0, 'Rojo_Alicante  VSM006', '', '/Attachments/b/20150302/1425286242wmjqKOdKS3.jpg'),
(34, 1, 0, 184, '1425286288', '1425286288', 0, 'en', 0, 'Rosso_Antico  VSM007', '', '/Attachments/b/20150302/1425286288ezvG8Ms8oB.jpg'),
(35, 1, 0, 184, '1425286395', '1425286395', 0, 'en', 0, 'Perlato_Olympo  VSM008', '', '/Attachments/b/20150302/14252863954ODXe5MJc8.jpg'),
(36, 1, 0, 184, '1425286427', '1425286427', 0, 'en', 0, 'Ebony_Brown  VSM009', '', '/Attachments/b/20150302/1425286427jcnKzbz6dA.jpg'),
(37, 1, 0, 184, '1425286462', '1425286462', 0, 'en', 0, 'Grigio_Carnico  VSM0010', '', '/Attachments/b/20150302/14252864625ujpQc6rtc.jpg'),
(38, 1, 0, 184, '1425286485', '1425286485', 0, 'en', 0, 'Marron_Laurent  VSM0011', '', '/Attachments/b/20150302/1425286485bnQNmoKpPA.jpg'),
(39, 1, 0, 184, '1425286509', '1425286509', 0, 'en', 0, 'Palisandro_Bluette  VSM0012', '', '/Attachments/b/20150302/14252865094ODXe5MJc8.jpg'),
(40, 1, 0, 184, '1425286535', '1425286535', 0, 'en', 0, 'Rosso_Levanto  VSM0013', '', '/Attachments/b/20150302/1425286535JnJWU5wqvw.jpg'),
(41, 1, 0, 184, '1425286570', '1425286570', 0, 'en', 0, 'Verde_Patricia  VSM0014', '', '/Attachments/b/20150302/1425286570u1HoEkFUsp.jpg'),
(42, 1, 0, 184, '1425286597', '1425286597', 0, 'en', 0, 'Verde_Issorie  VSM0015', '', '/Attachments/b/20150302/1425286596OlWCV3ba7y.jpg'),
(43, 1, 0, 184, '1425286598', '1425286598', 0, 'en', 0, 'Verde_Issorie  VSM0015', '', '/Attachments/b/20150302/14252865986gNSnotHkb.jpg'),
(44, 1, 0, 185, '1425286645', '1425347024', 0, 'en', 0, 'Cristallo VSQZ001', '', '/Attachments/b/20150302/14252866455DaggsydaP.jpg'),
(45, 1, 0, 185, '1425286665', '1425286665', 0, 'en', 0, 'crystal quartzite VSQZ002', '', '/Attachments/b/20150302/1425286665IXYrE4GIqQ.jpg'),
(46, 1, 0, 185, '1425286687', '1425286687', 0, 'en', 0, 'quartzite cielo VSQZ003', '', '/Attachments/b/20150302/1425286687FmWWOj8xFd.jpg'),
(49, 1, 0, 185, '1425286757', '1425347016', 0, 'en', 0, 'spa green VSQZ005', '', '/Attachments/b/20150302/1425286757VsrO94871A.jpg'),
(48, 1, 0, 185, '1425286718', '1425286718', 0, 'en', 0, 'spa black VSQZ004', '', '/Attachments/b/20150302/1425286717H7aAZUZ7kG.jpg');

-- --------------------------------------------------------

--
-- 表的结构 `hcseo_subsetting`
--

CREATE TABLE IF NOT EXISTS `hcseo_subsetting` (
  `id` int(11) NOT NULL AUTO_INCREMENT,
  `ischecked` tinyint(1) NOT NULL DEFAULT '1',
  `isgood` tinyint(1) NOT NULL DEFAULT '0',
  `cid` int(8) NOT NULL DEFAULT '0',
  `postdate` varchar(18) COLLATE utf8_unicode_ci NOT NULL,
  `editdate` varchar(18) COLLATE utf8_unicode_ci NOT NULL,
  `hits` int(8) NOT NULL DEFAULT '0',
  `lang` varchar(18) COLLATE utf8_unicode_ci DEFAULT NULL,
  `displayorder` int(8) NOT NULL DEFAULT '0',
  `smtp_server` varchar(255) COLLATE utf8_unicode_ci DEFAULT NULL,
  `smtp_port` varchar(255) COLLATE utf8_unicode_ci DEFAULT NULL,
  `smtp_send_name` varchar(255) COLLATE utf8_unicode_ci DEFAULT NULL,
  `smtp_send_mail` varchar(255) COLLATE utf8_unicode_ci DEFAULT NULL,
  `smtp_res_mail` varchar(255) COLLATE utf8_unicode_ci DEFAULT NULL,
  `smtp_username` varchar(255) COLLATE utf8_unicode_ci DEFAULT NULL,
  `smtp_password` varchar(255) COLLATE utf8_unicode_ci DEFAULT NULL,
  PRIMARY KEY (`id`),
  UNIQUE KEY `id` (`id`)
) ENGINE=MyISAM  DEFAULT CHARSET=utf8 COLLATE=utf8_unicode_ci AUTO_INCREMENT=2 ;

--
-- 转存表中的数据 `hcseo_subsetting`
--

INSERT INTO `hcseo_subsetting` (`id`, `ischecked`, `isgood`, `cid`, `postdate`, `editdate`, `hits`, `lang`, `displayorder`, `smtp_server`, `smtp_port`, `smtp_send_name`, `smtp_send_mail`, `smtp_res_mail`, `smtp_username`, `smtp_password`) VALUES
(1, 1, 0, 0, '', '', 0, '', 0, 'smtp.qq.com', '25', 'testing', '', '', '', '');

-- --------------------------------------------------------

--
-- 表的结构 `hcseo_sysmenu`
--

CREATE TABLE IF NOT EXISTS `hcseo_sysmenu` (
  `id` int(11) NOT NULL AUTO_INCREMENT,
  `name` varchar(255) COLLATE utf8_unicode_ci NOT NULL,
  `cid` int(11) NOT NULL DEFAULT '0',
  `url` varchar(255) COLLATE utf8_unicode_ci NOT NULL DEFAULT '#',
  `logoimg` int(2) NOT NULL,
  `sort` int(11) NOT NULL DEFAULT '1',
  `ischecked` tinyint(1) NOT NULL DEFAULT '1',
  `postdate` varchar(50) COLLATE utf8_unicode_ci NOT NULL DEFAULT '0000-00-00 00:00:00',
  PRIMARY KEY (`id`)
) ENGINE=MyISAM  DEFAULT CHARSET=utf8 COLLATE=utf8_unicode_ci COMMENT='管理菜单' AUTO_INCREMENT=508 ;

--
-- 转存表中的数据 `hcseo_sysmenu`
--

INSERT INTO `hcseo_sysmenu` (`id`, `name`, `cid`, `url`, `logoimg`, `sort`, `ischecked`, `postdate`) VALUES
(1, 'Web Setting', 0, 'System', 0, 99, 1, '1970-01-01 08:33:31'),
(331, 'Menu', 0, 'Menu', 4, 20, 0, '1970-01-01 08:33:31'),
(332, 'System Version', 1, 'index', 0, 20, 1, '1970-01-01 08:33:31'),
(333, 'Website Setting', 1, 'setting', 0, 18, 1, '1970-01-01 08:33:31'),
(334, 'Database Backup', 1, 'backup', 0, 16, 1, '1970-01-01 08:33:31'),
(340, '系统菜单', 1, 'sysmenu', 0, 3, 1, '0000-00-00 00:00:00'),
(339, '网站管理员', 1, 'admin', 0, 4, 1, '0000-00-00 00:00:00'),
(341, 'Update Cache', 1, 'cache', 0, 2, 1, '0000-00-00 00:00:00'),
(342, '服务支持', 1, 'support', 0, 1, 1, '0000-00-00 00:00:00'),
(343, 'Menu', 331, 'index', 0, 2, 1, '0000-00-00 00:00:00'),
(367, 'Unpaid Order', 364, 'index/is_pay/n', 0, 5, 1, '0000-00-00 00:00:00'),
(365, 'Paid Order', 364, 'index', 0, 7, 1, '0000-00-00 00:00:00'),
(453, 'Menu', 0, 'Article', 2, 35, 0, '0000-00-00 00:00:00'),
(368, 'Cate', 364, 'cate', 0, 4, 1, '0000-00-00 00:00:00'),
(404, 'Navigation Setting', 403, 'index', 0, 0, 1, '0000-00-00 00:00:00'),
(403, 'Site Navigation', 0, 'Website', 0, 0, 0, '0000-00-00 00:00:00'),
(496, 'Vidio', 0, 'Vidio', 3, 0, 1, '0000-00-00 00:00:00'),
(495, 'Cate', 492, 'cate', 0, 0, 1, '0000-00-00 00:00:00'),
(494, 'Add', 492, 'edit', 0, 0, 1, '0000-00-00 00:00:00'),
(493, 'EndList', 492, 'index', 0, 0, 1, '0000-00-00 00:00:00'),
(492, 'End', 0, 'End', 3, 0, 1, '0000-00-00 00:00:00'),
(401, '模版管理', 0, 'Module', 6, 0, 1, '0000-00-00 00:00:00'),
(402, '模版列表', 401, 'index', 0, 0, 1, '0000-00-00 00:00:00'),
(425, '首页BANNER管理', 0, 'Banner', 7, 15, 1, '0000-00-00 00:00:00'),
(423, '链接管理', 422, 'index', 0, 0, 1, '0000-00-00 00:00:00'),
(426, 'Banner List', 425, 'index', 0, 0, 1, '0000-00-00 00:00:00'),
(427, 'Add Banner', 425, 'edit', 0, 0, 1, '0000-00-00 00:00:00'),
(428, '分类管理', 425, 'cate', 0, 0, 1, '0000-00-00 00:00:00'),
(429, '企业信息', 0, 'About', 2, 90, 0, '0000-00-00 00:00:00'),
(430, '列表', 429, 'index', 0, 0, 1, '0000-00-00 00:00:00'),
(431, '新增信息', 429, 'edit', 0, 0, 1, '0000-00-00 00:00:00'),
(432, '分类', 429, 'cate', 0, 0, 1, '0000-00-00 00:00:00'),
(491, 'Cate', 487, 'cate', 0, 0, 1, '0000-00-00 00:00:00'),
(490, 'Add', 487, 'edit', 0, 0, 1, '0000-00-00 00:00:00'),
(489, 'TopList', 487, 'index', 0, 0, 1, '0000-00-00 00:00:00'),
(487, 'Top', 0, 'Top', 3, 0, 1, '0000-00-00 00:00:00'),
(447, 'Change Password', 1, 'adminpassword', 0, 5, 1, '0000-00-00 00:00:00'),
(449, 'Message', 0, 'Feedback', 1, 1, 1, '0000-00-00 00:00:00'),
(450, 'List', 449, 'index', 0, 0, 1, '0000-00-00 00:00:00'),
(454, 'Menu List', 453, 'index', 0, 0, 1, '0000-00-00 00:00:00'),
(455, 'Add Menu', 453, 'edit', 0, 0, 1, '0000-00-00 00:00:00'),
(456, 'Category', 453, 'cate', 0, 0, 1, '0000-00-00 00:00:00'),
(465, 'Email Server Setting', 1, 'subsetting', 0, 17, 1, '0000-00-00 00:00:00'),
(506, 'Add', 504, 'edit', 3, 0, 1, '0000-00-00 00:00:00'),
(505, 'ProductList', 504, 'index', 0, 0, 1, '0000-00-00 00:00:00'),
(504, 'Product', 0, 'Product', 3, 0, 1, '0000-00-00 00:00:00'),
(497, 'VidioList', 496, 'index', 0, 0, 1, '0000-00-00 00:00:00'),
(498, 'Add', 496, 'edit', 0, 0, 1, '0000-00-00 00:00:00'),
(499, 'Cate', 496, 'cate', 0, 0, 1, '0000-00-00 00:00:00'),
(500, 'News', 0, 'News', 3, 0, 1, '0000-00-00 00:00:00'),
(501, 'NewsList', 500, 'index', 3, 0, 1, '0000-00-00 00:00:00'),
(502, 'Add', 500, 'edit', 3, 0, 1, '0000-00-00 00:00:00'),
(503, 'Cate', 500, 'cate', 3, 0, 1, '0000-00-00 00:00:00'),
(507, 'Cate', 504, 'cate', 3, 0, 1, '0000-00-00 00:00:00');

-- --------------------------------------------------------

--
-- 表的结构 `hcseo_tempdb`
--

CREATE TABLE IF NOT EXISTS `hcseo_tempdb` (
  `id` int(11) NOT NULL AUTO_INCREMENT,
  `name` varchar(255) COLLATE utf8_unicode_ci NOT NULL,
  `content` text COLLATE utf8_unicode_ci NOT NULL,
  `hits` int(8) NOT NULL,
  `postdate` varchar(50) COLLATE utf8_unicode_ci NOT NULL,
  `cid` varchar(50) COLLATE utf8_unicode_ci NOT NULL,
  `other` varchar(255) COLLATE utf8_unicode_ci NOT NULL,
  `other2` varchar(255) COLLATE utf8_unicode_ci NOT NULL,
  PRIMARY KEY (`id`)
) ENGINE=MyISAM DEFAULT CHARSET=utf8 COLLATE=utf8_unicode_ci AUTO_INCREMENT=1 ;

-- --------------------------------------------------------

--
-- 表的结构 `hcseo_top`
--

CREATE TABLE IF NOT EXISTS `hcseo_top` (
  `ischecked` tinyint(1) NOT NULL DEFAULT '1',
  `isgood` tinyint(1) NOT NULL DEFAULT '0',
  `cid` int(8) NOT NULL DEFAULT '0',
  `postdate` varchar(18) COLLATE utf8_unicode_ci NOT NULL,
  `editdate` varchar(18) COLLATE utf8_unicode_ci NOT NULL,
  `hits` int(8) NOT NULL DEFAULT '0',
  `lang` varchar(18) COLLATE utf8_unicode_ci DEFAULT NULL,
  `displayorder` int(8) NOT NULL DEFAULT '0',
  `name` varchar(255) COLLATE utf8_unicode_ci DEFAULT NULL,
  `attachment` varchar(255) COLLATE utf8_unicode_ci DEFAULT NULL,
  `number` varchar(255) COLLATE utf8_unicode_ci DEFAULT NULL
) ENGINE=MyISAM DEFAULT CHARSET=utf8 COLLATE=utf8_unicode_ci;

--
-- 转存表中的数据 `hcseo_top`
--

INSERT INTO `hcseo_top` (`ischecked`, `isgood`, `cid`, `postdate`, `editdate`, `hits`, `lang`, `displayorder`, `name`, `attachment`, `number`) VALUES
(1, 0, 195, '', '', 0, 'en', 0, 'toppicture_06', '__ROOT__/Public/en/images/neiyetop6.png', NULL),
(1, 0, 195, '', '', 0, 'en', 0, 'toppicture_05', '__ROOT__/Public/en/images/neiyetop5.png', NULL),
(1, 0, 195, '', '', 0, 'en', 0, 'toppicture_02', '__ROOT__/Public/en/images/neiyetop3.png', NULL),
(1, 0, 195, '', '', 0, 'en', 0, 'toppicture_04', '__ROOT__/Public/en/images/neiyetop4.png', NULL),
(1, 0, 195, '', '', 0, 'en', 0, 'toppicture_01', '__ROOT__/Public/en/images/neiyetop1.png', NULL),
(1, 0, 195, '', '', 0, 'en', 0, 'toppicture_02', '__ROOT__/Public/en/images/neiyetop2.png', NULL);

-- --------------------------------------------------------

--
-- 表的结构 `hcseo_vidio`
--

CREATE TABLE IF NOT EXISTS `hcseo_vidio` (
  `id` int(11) NOT NULL AUTO_INCREMENT,
  `ischecked` tinyint(1) NOT NULL DEFAULT '1',
  `isgood` tinyint(1) NOT NULL DEFAULT '0',
  `cid` int(8) NOT NULL DEFAULT '0',
  `postdate` varchar(18) COLLATE utf8_unicode_ci NOT NULL,
  `editdate` varchar(18) COLLATE utf8_unicode_ci NOT NULL,
  `hits` int(8) NOT NULL DEFAULT '0',
  `lang` varchar(18) COLLATE utf8_unicode_ci DEFAULT NULL,
  `displayorder` int(8) NOT NULL DEFAULT '0',
  `name` varchar(255) COLLATE utf8_unicode_ci DEFAULT NULL,
  `attachment` varchar(255) COLLATE utf8_unicode_ci DEFAULT NULL,
  `number` varchar(255) COLLATE utf8_unicode_ci DEFAULT NULL,
  PRIMARY KEY (`id`),
  UNIQUE KEY `id` (`id`)
) ENGINE=MyISAM  DEFAULT CHARSET=utf8 COLLATE=utf8_unicode_ci AUTO_INCREMENT=10 ;

--
-- 转存表中的数据 `hcseo_vidio`
--

INSERT INTO `hcseo_vidio` (`id`, `ischecked`, `isgood`, `cid`, `postdate`, `editdate`, `hits`, `lang`, `displayorder`, `name`, `attachment`, `number`) VALUES
(1, 1, 0, 200, '', '', 0, 'en', 0, NULL, '__ROOT__/Public/en/images/video1.png', NULL),
(2, 1, 0, 200, '', '', 0, 'en', 0, NULL, '__ROOT__/Public/en/images/video2.png', NULL),
(3, 1, 0, 200, '', '', 0, 'en', 0, NULL, '__ROOT__/Public/en/images/video3.png', NULL),
(4, 1, 0, 200, '', '', 0, 'en', 0, NULL, '__ROOT__/Public/en/images/video4.png', NULL),
(9, 1, 0, 200, '1438760905', '1438760905', 0, 'en', 0, 'sdaf', '__ROOT__/Attachments/b/20150805/14387609054nfqMoOdcb.png', '');

-- --------------------------------------------------------

--
-- 表的结构 `hcseo_website`
--

CREATE TABLE IF NOT EXISTS `hcseo_website` (
  `id` int(11) NOT NULL AUTO_INCREMENT,
  `name` varchar(255) COLLATE utf8_unicode_ci NOT NULL,
  `cid` int(11) NOT NULL DEFAULT '0',
  `url` varchar(255) COLLATE utf8_unicode_ci NOT NULL DEFAULT '#',
  `logoimg` int(2) NOT NULL,
  `sort` int(11) NOT NULL DEFAULT '1',
  `ischecked` tinyint(1) NOT NULL DEFAULT '1',
  `postdate` varchar(50) COLLATE utf8_unicode_ci NOT NULL DEFAULT '0000-00-00 00:00:00',
  `lang` varchar(8) COLLATE utf8_unicode_ci NOT NULL,
  PRIMARY KEY (`id`)
) ENGINE=MyISAM  DEFAULT CHARSET=utf8 COLLATE=utf8_unicode_ci COMMENT='管理菜单' AUTO_INCREMENT=11 ;

--
-- 转存表中的数据 `hcseo_website`
--

INSERT INTO `hcseo_website` (`id`, `name`, `cid`, `url`, `logoimg`, `sort`, `ischecked`, `postdate`, `lang`) VALUES
(4, 'Home', 0, '/', 0, 7, 1, '0000-00-00 00:00:00', 'en'),
(5, 'About Us', 0, 'About', 0, 6, 1, '0000-00-00 00:00:00', 'en'),
(6, 'Cabinets', 0, 'Cabinets', 0, 5, 1, '0000-00-00 00:00:00', 'en'),
(7, 'Counter tops', 0, 'Counter', 0, 4, 1, '0000-00-00 00:00:00', 'en'),
(8, 'Gallery', 0, 'Gallery', 0, 3, 1, '0000-00-00 00:00:00', 'en'),
(9, 'Warrenty', 0, 'Warrenty', 0, 2, 1, '0000-00-00 00:00:00', 'en'),
(10, 'Contact Us', 0, 'Contact', 0, 1, 1, '0000-00-00 00:00:00', 'en');

/*!40101 SET CHARACTER_SET_CLIENT=@OLD_CHARACTER_SET_CLIENT */;
/*!40101 SET CHARACTER_SET_RESULTS=@OLD_CHARACTER_SET_RESULTS */;
/*!40101 SET COLLATION_CONNECTION=@OLD_COLLATION_CONNECTION */;
